[debug] [2026-09-21T12:56:22.853Z] ----------------------------------------------------------------------
[debug] [2026-09-21T12:56:22.855Z] Command:       /opt/homebrew/Cellar/node/25.6.0/bin/node /opt/homebrew/Cellar/node/25.6.0/bin/firebase deploy --only functions --force
[debug] [2026-09-21T12:56:22.855Z] CLI Version:   15.28.1
[debug] [2026-09-21T12:56:22.855Z] Platform:      darwin
[debug] [2026-09-21T12:56:22.855Z] Node Version:  v25.6.0
[debug] [2026-09-21T12:56:22.855Z] Detected Agent: antigravity
[debug] [2026-09-21T12:56:22.855Z] Time:          Mon Sep 21 2026 13:56:22 GMT+0100 (West Africa Time)
[debug] [2026-09-21T12:56:22.855Z] ----------------------------------------------------------------------
[debug] 
[debug] [2026-09-21T12:56:23.549Z] > command requires scopes: ["email","openid","https://www.googleapis.com/auth/cloudplatformprojects.readonly","https://www.googleapis.com/auth/firebase","https://www.googleapis.com/auth/cloud-platform"]
[debug] [2026-09-21T12:56:23.550Z] > authorizing via signed-in user (belloshehu1@gmail.com)
[debug] [2026-09-21T12:56:23.550Z] [iam] checking project ecogrowth-journal for permissions ["cloudfunctions.functions.create","cloudfunctions.functions.delete","cloudfunctions.functions.get","cloudfunctions.functions.list","cloudfunctions.functions.update","cloudfunctions.operations.get","firebase.projects.get"]
[debug] [2026-09-21T12:56:23.560Z] Checked if tokens are valid: true, expires at: 1789998674043
[debug] [2026-09-21T12:56:23.561Z] Checked if tokens are valid: true, expires at: 1789998674043
[debug] [2026-09-21T12:56:23.561Z] >>> [apiv2][query] POST https://cloudresourcemanager.googleapis.com/v1/projects/ecogrowth-journal:testIamPermissions [none]
[debug] [2026-09-21T12:56:23.561Z] >>> [apiv2][(partial)header] POST https://cloudresourcemanager.googleapis.com/v1/projects/ecogrowth-journal:testIamPermissions  x-goog-user-project=ecogrowth-journal
[debug] [2026-09-21T12:56:23.561Z] >>> [apiv2][body] POST https://cloudresourcemanager.googleapis.com/v1/projects/ecogrowth-journal:testIamPermissions {"permissions":["cloudfunctions.functions.create","cloudfunctions.functions.delete","cloudfunctions.functions.get","cloudfunctions.functions.list","cloudfunctions.functions.update","cloudfunctions.operations.get","firebase.projects.get"]}
[debug] [2026-09-21T12:56:25.813Z] <<< [apiv2][status] POST https://cloudresourcemanager.googleapis.com/v1/projects/ecogrowth-journal:testIamPermissions 200
[debug] [2026-09-21T12:56:25.813Z] <<< [apiv2][body] POST https://cloudresourcemanager.googleapis.com/v1/projects/ecogrowth-journal:testIamPermissions {"permissions":["cloudfunctions.functions.create","cloudfunctions.functions.delete","cloudfunctions.functions.get","cloudfunctions.functions.list","cloudfunctions.functions.update","cloudfunctions.operations.get","firebase.projects.get"]}
[debug] [2026-09-21T12:56:25.814Z] Checked if tokens are valid: true, expires at: 1789998674043
[debug] [2026-09-21T12:56:25.814Z] Checked if tokens are valid: true, expires at: 1789998674043
[debug] [2026-09-21T12:56:25.814Z] >>> [apiv2][query] POST https://iam.googleapis.com/v1/projects/ecogrowth-journal/serviceAccounts/ecogrowth-journal@appspot.gserviceaccount.com:testIamPermissions [none]
[debug] [2026-09-21T12:56:25.814Z] >>> [apiv2][body] POST https://iam.googleapis.com/v1/projects/ecogrowth-journal/serviceAccounts/ecogrowth-journal@appspot.gserviceaccount.com:testIamPermissions {"permissions":["iam.serviceAccounts.actAs"]}
[debug] [2026-09-21T12:56:27.015Z] <<< [apiv2][status] POST https://iam.googleapis.com/v1/projects/ecogrowth-journal/serviceAccounts/ecogrowth-journal@appspot.gserviceaccount.com:testIamPermissions 200
[debug] [2026-09-21T12:56:27.015Z] <<< [apiv2][body] POST https://iam.googleapis.com/v1/projects/ecogrowth-journal/serviceAccounts/ecogrowth-journal@appspot.gserviceaccount.com:testIamPermissions {"permissions":["iam.serviceAccounts.actAs"]}
[info] 
[info] === Deploying to 'ecogrowth-journal'...
[info] 
[info] i  deploying functions 
[debug] [2026-09-21T12:56:27.020Z] Checked if tokens are valid: true, expires at: 1789998674043
[debug] [2026-09-21T12:56:27.021Z] Checked if tokens are valid: true, expires at: 1789998674043
[debug] [2026-09-21T12:56:27.021Z] >>> [apiv2][query] GET https://cloudresourcemanager.googleapis.com/v1/projects/ecogrowth-journal [none]
[debug] [2026-09-21T12:56:27.361Z] <<< [apiv2][status] GET https://cloudresourcemanager.googleapis.com/v1/projects/ecogrowth-journal 200
[debug] [2026-09-21T12:56:27.361Z] <<< [apiv2][body] GET https://cloudresourcemanager.googleapis.com/v1/projects/ecogrowth-journal {"projectNumber":"653160982011","projectId":"ecogrowth-journal","lifecycleState":"ACTIVE","name":"Antijj","labels":{"monospace-workspace-id":"studio-982068762","firebase":"enabled","firebase-core":"disabled"},"createTime":"2025-07-31T15:08:58.860534Z"}
[info] i  functions: preparing codebase default for deployment 
[info] i  functions: ensuring required API cloudfunctions.googleapis.com is enabled... 
[info] i  functions: ensuring required API cloudbuild.googleapis.com is enabled... 
[info] i  artifactregistry: ensuring required API artifactregistry.googleapis.com is enabled... 
[debug] [2026-09-21T12:56:27.364Z] Checked if tokens are valid: true, expires at: 1789998674043
[debug] [2026-09-21T12:56:27.364Z] Checked if tokens are valid: true, expires at: 1789998674043
[debug] [2026-09-21T12:56:27.365Z] >>> [apiv2][query] GET https://firebase.googleapis.com/v1beta1/projects/ecogrowth-journal/adminSdkConfig [none]
[debug] [2026-09-21T12:56:28.214Z] <<< [apiv2][status] GET https://firebase.googleapis.com/v1beta1/projects/ecogrowth-journal/adminSdkConfig 200
[debug] [2026-09-21T12:56:28.214Z] <<< [apiv2][body] GET https://firebase.googleapis.com/v1beta1/projects/ecogrowth-journal/adminSdkConfig {"projectId":"ecogrowth-journal","databaseURL":"https://ecogrowth-journal-default-rtdb.europe-west1.firebasedatabase.app","storageBucket":"ecogrowth-journal.firebasestorage.app"}
[debug] [2026-09-21T12:56:28.215Z] Checked if tokens are valid: true, expires at: 1789998674043
[debug] [2026-09-21T12:56:28.215Z] Checked if tokens are valid: true, expires at: 1789998674043
[debug] [2026-09-21T12:56:28.215Z] >>> [apiv2][query] GET https://runtimeconfig.googleapis.com/v1beta1/projects/ecogrowth-journal/configs [none]
[debug] [2026-09-21T12:56:29.814Z] <<< [apiv2][status] GET https://runtimeconfig.googleapis.com/v1beta1/projects/ecogrowth-journal/configs 200
[debug] [2026-09-21T12:56:29.814Z] <<< [apiv2][body] GET https://runtimeconfig.googleapis.com/v1beta1/projects/ecogrowth-journal/configs {}
[debug] [2026-09-21T12:56:29.816Z] Validating nodejs source
[warn] ⚠  functions: Runtime Node.js 20 was deprecated on 2026-04-30 and will be decommissioned on 2026-10-30, after which you will not be able to deploy without upgrading. Consider upgrading now to avoid disruption. See https://cloud.google.com/functions/docs/runtime-support for full details on the lifecycle policy 
[warn] ⚠  functions: package.json indicates an outdated version of firebase-functions. Please upgrade using npm install --save firebase-functions@latest in your functions directory. 
[warn] ⚠  functions: Please note that there will be breaking changes when you upgrade. 
[debug] [2026-09-21T12:56:30.922Z] > [functions] package.json contents: {
  "name": "antijj-functions",
  "version": "1.0.0",
  "scripts": {
    "build": "tsc",
    "serve": "npm run build && firebase emulators:start --only functions",
    "deploy": "firebase deploy --only functions",
    "logs": "firebase functions:log"
  },
  "engines": {
    "node": "20"
  },
  "main": "lib/index.js",
  "dependencies": {
    "firebase-admin": "^13.1.0",
    "firebase-functions": "^6.3.2"
  },
  "devDependencies": {
    "typescript": "^5.7.0"
  },
  "private": true
}
[debug] [2026-09-21T12:56:30.923Z] Building nodejs source
[info] i  functions: Loading and analyzing source code for codebase default to determine what to deploy 
[debug] [2026-09-21T12:56:30.923Z] Could not find functions.yaml. Must use http discovery
[debug] [2026-09-21T12:56:30.927Z] Found firebase-functions binary at '/Users/belloshehu/dev/antijj/functions/node_modules/.bin/firebase-functions'
[info] Serving at port 8368

[debug] [2026-09-21T12:56:31.305Z] Got response from /__/functions.yaml {"endpoints":{"onIncidentCreated":{"platform":"gcfv1","availableMemoryMb":null,"timeoutSeconds":null,"minInstances":null,"maxInstances":null,"ingressSettings":null,"serviceAccountEmail":null,"vpc":null,"region":["europe-west1"],"eventTrigger":{"eventType":"providers/google.firebase.database/eventTypes/ref.create","eventFilters":{"resource":"projects/_/instances/ecogrowth-journal-default-rtdb/refs/incidents/{incidentId}"},"retry":false},"labels":{},"entryPoint":"onIncidentCreated"},"onMediaUploaded":{"platform":"gcfv1","availableMemoryMb":null,"timeoutSeconds":null,"minInstances":null,"maxInstances":null,"ingressSettings":null,"serviceAccountEmail":null,"vpc":null,"region":["europe-west1"],"eventTrigger":{"eventType":"google.storage.object.finalize","eventFilters":{"resource":"projects/_/buckets/antijj-dev.appspot.com"},"retry":false},"labels":{},"entryPoint":"onMediaUploaded"}},"specVersion":"v1alpha1","requiredAPIs":[],"extensions":{}}
[debug] [2026-09-21T12:56:34.325Z] Checked if tokens are valid: true, expires at: 1789998674043
[debug] [2026-09-21T12:56:34.325Z] Checked if tokens are valid: true, expires at: 1789998674043
[debug] [2026-09-21T12:56:34.325Z] >>> [apiv2][query] GET https://cloudfunctions.googleapis.com/v1/projects/ecogrowth-journal/locations/-/functions [none]
[debug] [2026-09-21T12:56:35.308Z] <<< [apiv2][status] GET https://cloudfunctions.googleapis.com/v1/projects/ecogrowth-journal/locations/-/functions 200
[debug] [2026-09-21T12:56:35.309Z] <<< [apiv2][body] GET https://cloudfunctions.googleapis.com/v1/projects/ecogrowth-journal/locations/-/functions {"functions":[{"name":"projects/ecogrowth-journal/locations/europe-west1/functions/onIncidentCreated","eventTrigger":{"eventType":"providers/google.firebase.database/eventTypes/ref.create","resource":"projects/_/instances/ecogrowth-journal-default-rtdb/refs/incidents/{incidentId}","service":"firebaseio.com","failurePolicy":{}},"status":"ACTIVE","entryPoint":"onIncidentCreated","timeout":"60s","availableMemoryMb":256,"serviceAccountEmail":"ecogrowth-journal@appspot.gserviceaccount.com","updateTime":"2026-09-21T12:54:35.581Z","versionId":"4","labels":{"deployment-tool":"cli-firebase","firebase-functions-hash":"f067cfc6fabe15e580e683e81f9c58ff61e14628"},"sourceUploadUrl":"https://storage.googleapis.com/uploads-36139802032.europe-west1.cloudfunctions.appspot.com/bbb2486a-7272-4f35-8655-bfa4c9ab478c.zip","environmentVariables":{"FIREBASE_CONFIG":"{\"projectId\":\"ecogrowth-journal\",\"databaseURL\":\"https://ecogrowth-journal-default-rtdb.europe-west1.firebasedatabase.app\",\"storageBucket\":\"ecogrowth-journal.firebasestorage.app\"}","GCLOUD_PROJECT":"ecogrowth-journal","EVENTARC_CLOUD_EVENT_SOURCE":"projects/ecogrowth-journal/locations/europe-west1/functions/onIncidentCreated"},"runtime":"nodejs20","maxInstances":3000,"ingressSettings":"ALLOW_ALL","buildId":"66c843d2-08c7-4a06-bc68-5e2b12334efa","buildEnvironmentVariables":{"GOOGLE_NODE_RUN_SCRIPTS":""},"buildName":"projects/653160982011/locations/europe-west1/builds/66c843d2-08c7-4a06-bc68-5e2b12334efa","dockerRegistry":"ARTIFACT_REGISTRY","automaticUpdatePolicy":{},"buildServiceAccount":"projects/ecogrowth-journal/serviceAccounts/653160982011-compute@developer.gserviceaccount.com","satisfiesPzi":true},{"name":"projects/ecogrowth-journal/locations/europe-west1/functions/onMediaUploaded","eventTrigger":{"eventType":"google.storage.object.finalize","resource":"projects/_/buckets/ecogrowth-journal.appspot.com","service":"storage.googleapis.com","failurePolicy":{}},"status":"UNKNOWN","entryPoint":"onMediaUploaded","timeout":"60s","availableMemoryMb":256,"serviceAccountEmail":"ecogrowth-journal@appspot.gserviceaccount.com","updateTime":"2026-09-21T12:52:44.613Z","versionId":"3","labels":{"firebase-functions-hash":"f067cfc6fabe15e580e683e81f9c58ff61e14628","deployment-tool":"cli-firebase"},"sourceUploadUrl":"https://storage.googleapis.com/uploads-36139802032.europe-west1.cloudfunctions.appspot.com/e402a52e-4025-4cc3-ace6-794a7f78fe65.zip","environmentVariables":{"FIREBASE_CONFIG":"{\"projectId\":\"ecogrowth-journal\",\"databaseURL\":\"https://ecogrowth-journal-default-rtdb.europe-west1.firebasedatabase.app\",\"storageBucket\":\"ecogrowth-journal.firebasestorage.app\"}","GCLOUD_PROJECT":"ecogrowth-journal","EVENTARC_CLOUD_EVENT_SOURCE":"projects/ecogrowth-journal/locations/europe-west1/functions/onMediaUploaded"},"runtime":"nodejs20","maxInstances":3000,"ingressSettings":"ALLOW_ALL","buildId":"1528a498-a0f6-4894-9f08-ab4ef2ff26e2","buildEnvironmentVariables":{"GOOGLE_NODE_RUN_SCRIPTS":""},"buildName":"projects/653160982011/locations/europe-west1/builds/1528a498-a0f6-4894-9f08-ab4ef2ff26e2","dockerRegistry":"ARTIFACT_REGISTRY","automaticUpdatePolicy":{},"buildServiceAccount":"projects/ecogrowth-journal/serviceAccounts/653160982011-compute@developer.gserviceaccount.com","satisfiesPzi":true}]}
[debug] [2026-09-21T12:56:35.310Z] Checked if tokens are valid: true, expires at: 1789998674043
[debug] [2026-09-21T12:56:35.310Z] Checked if tokens are valid: true, expires at: 1789998674043
[debug] [2026-09-21T12:56:35.311Z] >>> [apiv2][query] GET https://cloudfunctions.googleapis.com/v2/projects/ecogrowth-journal/locations/-/functions filter=environment%3D%22GEN_2%22
[debug] [2026-09-21T12:56:36.443Z] <<< [apiv2][status] GET https://cloudfunctions.googleapis.com/v2/projects/ecogrowth-journal/locations/-/functions 200
[debug] [2026-09-21T12:56:36.443Z] <<< [apiv2][body] GET https://cloudfunctions.googleapis.com/v2/projects/ecogrowth-journal/locations/-/functions {}
[info] i  extensions: ensuring required API firebaseextensions.googleapis.com is enabled... 
[debug] [2026-09-21T12:56:36.445Z] > command requires scopes: ["email","openid","https://www.googleapis.com/auth/cloudplatformprojects.readonly","https://www.googleapis.com/auth/firebase","https://www.googleapis.com/auth/cloud-platform"]
[debug] [2026-09-21T12:56:36.445Z] > authorizing via signed-in user (belloshehu1@gmail.com)
[debug] [2026-09-21T12:56:36.445Z] [iam] checking project ecogrowth-journal for permissions ["firebase.projects.get","firebaseextensions.instances.list"]
[debug] [2026-09-21T12:56:36.445Z] Checked if tokens are valid: true, expires at: 1789998674043
[debug] [2026-09-21T12:56:36.446Z] Checked if tokens are valid: true, expires at: 1789998674043
[debug] [2026-09-21T12:56:36.446Z] >>> [apiv2][query] POST https://cloudresourcemanager.googleapis.com/v1/projects/ecogrowth-journal:testIamPermissions [none]
[debug] [2026-09-21T12:56:36.446Z] >>> [apiv2][(partial)header] POST https://cloudresourcemanager.googleapis.com/v1/projects/ecogrowth-journal:testIamPermissions  x-goog-user-project=ecogrowth-journal
[debug] [2026-09-21T12:56:36.446Z] >>> [apiv2][body] POST https://cloudresourcemanager.googleapis.com/v1/projects/ecogrowth-journal:testIamPermissions {"permissions":["firebase.projects.get","firebaseextensions.instances.list"]}
[debug] [2026-09-21T12:56:37.056Z] <<< [apiv2][status] POST https://cloudresourcemanager.googleapis.com/v1/projects/ecogrowth-journal:testIamPermissions 200
[debug] [2026-09-21T12:56:37.056Z] <<< [apiv2][body] POST https://cloudresourcemanager.googleapis.com/v1/projects/ecogrowth-journal:testIamPermissions {"permissions":["firebase.projects.get","firebaseextensions.instances.list"]}
[debug] [2026-09-21T12:56:37.057Z] Checked if tokens are valid: true, expires at: 1789998674043
[debug] [2026-09-21T12:56:37.057Z] Checked if tokens are valid: true, expires at: 1789998674043
[debug] [2026-09-21T12:56:37.057Z] >>> [apiv2][query] GET https://firebaseextensions.googleapis.com/v1beta/projects/ecogrowth-journal/instances pageSize=100&pageToken=
[debug] [2026-09-21T12:56:38.355Z] <<< [apiv2][status] GET https://firebaseextensions.googleapis.com/v1beta/projects/ecogrowth-journal/instances 200
[debug] [2026-09-21T12:56:38.355Z] <<< [apiv2][body] GET https://firebaseextensions.googleapis.com/v1beta/projects/ecogrowth-journal/instances {}
[debug] [2026-09-21T12:56:38.356Z] Attempting to merge .env secret bindings {} into declared secrets...)}
[debug] [2026-09-21T12:56:38.357Z] onIncidentCreated declared secrets: undefined
[debug] [2026-09-21T12:56:38.357Z] onMediaUploaded declared secrets: undefined
[info] i  functions: preparing functions directory for uploading... 
[info] i  functions: packaged /Users/belloshehu/dev/antijj/functions (38.83 KB) for uploading 
[debug] [2026-09-21T12:56:38.395Z] Checked if tokens are valid: true, expires at: 1789998674043
[debug] [2026-09-21T12:56:38.395Z] Checked if tokens are valid: true, expires at: 1789998674043
[debug] [2026-09-21T12:56:38.395Z] Checked if tokens are valid: true, expires at: 1789998674043
[debug] [2026-09-21T12:56:38.395Z] Checked if tokens are valid: true, expires at: 1789998674043
[debug] [2026-09-21T12:56:38.396Z] >>> [apiv2][query] GET https://firebasedatabase.googleapis.com/v1beta/projects/ecogrowth-journal/locations/-/instances/ecogrowth-journal-default-rtdb [none]
[debug] [2026-09-21T12:56:38.397Z] >>> [apiv2][query] GET https://storage.googleapis.com/storage/v1/b/antijj-dev.appspot.com [none]
[debug] [2026-09-21T12:56:39.302Z] <<< [apiv2][status] GET https://storage.googleapis.com/storage/v1/b/antijj-dev.appspot.com 404
[debug] [2026-09-21T12:56:39.302Z] <<< [apiv2][body] GET https://storage.googleapis.com/storage/v1/b/antijj-dev.appspot.com {"error":{"code":404,"message":"The specified bucket does not exist.","errors":[{"message":"The specified bucket does not exist.","domain":"global","reason":"notFound"}]}}
[debug] Request to https://storage.googleapis.com/storage/v1/b/antijj-dev.appspot.com had HTTP Error: 404, The specified bucket does not exist.
[debug] [2026-09-21T12:56:39.303Z] Failed to resolve trigger region for V1 storage function onMediaUploaded: Failed to obtain the storage bucket {"name":"FirebaseError","children":[],"exit":1,"message":"Failed to obtain the storage bucket","original":{"name":"FirebaseError","children":[],"context":{"body":{"error":{"code":404,"message":"The specified bucket does not exist.","errors":[{"message":"The specified bucket does not exist.","domain":"global","reason":"notFound"}]}},"response":{"statusCode":404}},"exit":1,"message":"Request to https://storage.googleapis.com/storage/v1/b/antijj-dev.appspot.com had HTTP Error: 404, The specified bucket does not exist.","status":404,"level":"debug"},"status":500}
[debug] [2026-09-21T12:56:39.701Z] <<< [apiv2][status] GET https://firebasedatabase.googleapis.com/v1beta/projects/ecogrowth-journal/locations/-/instances/ecogrowth-journal-default-rtdb 200
[debug] [2026-09-21T12:56:39.702Z] <<< [apiv2][body] GET https://firebasedatabase.googleapis.com/v1beta/projects/ecogrowth-journal/locations/-/instances/ecogrowth-journal-default-rtdb {"name":"projects/653160982011/locations/europe-west1/instances/ecogrowth-journal-default-rtdb","project":"projects/653160982011","databaseUrl":"https://ecogrowth-journal-default-rtdb.europe-west1.firebasedatabase.app","type":"DEFAULT_DATABASE","state":"ACTIVE"}
[debug] [2026-09-21T12:56:39.707Z] Checked if tokens are valid: true, expires at: 1789998674043
[debug] [2026-09-21T12:56:39.708Z] Checked if tokens are valid: true, expires at: 1789998674043
[debug] [2026-09-21T12:56:39.708Z] >>> [apiv2][query] GET https://cloudresourcemanager.googleapis.com/v1/projects/ecogrowth-journal [none]
[debug] [2026-09-21T12:56:40.019Z] <<< [apiv2][status] GET https://cloudresourcemanager.googleapis.com/v1/projects/ecogrowth-journal 200
[debug] [2026-09-21T12:56:40.020Z] <<< [apiv2][body] GET https://cloudresourcemanager.googleapis.com/v1/projects/ecogrowth-journal {"projectNumber":"653160982011","projectId":"ecogrowth-journal","lifecycleState":"ACTIVE","name":"Antijj","labels":{"monospace-workspace-id":"studio-982068762","firebase":"enabled","firebase-core":"disabled"},"createTime":"2025-07-31T15:08:58.860534Z"}
[debug] [2026-09-21T12:56:40.022Z] Checked if tokens are valid: true, expires at: 1789998674043
[debug] [2026-09-21T12:56:40.022Z] Checked if tokens are valid: true, expires at: 1789998674043
[debug] [2026-09-21T12:56:40.023Z] >>> [apiv2][query] GET https://cloudbilling.googleapis.com/v1/projects/ecogrowth-journal/billingInfo [none]
[debug] [2026-09-21T12:56:40.023Z] >>> [apiv2][(partial)header] GET https://cloudbilling.googleapis.com/v1/projects/ecogrowth-journal/billingInfo  x-goog-user-project=ecogrowth-journal
[debug] [2026-09-21T12:56:40.865Z] <<< [apiv2][status] GET https://cloudbilling.googleapis.com/v1/projects/ecogrowth-journal/billingInfo 200
[debug] [2026-09-21T12:56:40.866Z] <<< [apiv2][body] GET https://cloudbilling.googleapis.com/v1/projects/ecogrowth-journal/billingInfo {"name":"projects/ecogrowth-journal/billingInfo","projectId":"ecogrowth-journal","billingAccountName":"billingAccounts/015F99-8ADFFB-BDC965","billingEnabled":true}
[debug] [2026-09-21T12:56:40.868Z] Checked if tokens are valid: true, expires at: 1789998674043
[debug] [2026-09-21T12:56:40.868Z] Checked if tokens are valid: true, expires at: 1789998674043
[debug] [2026-09-21T12:56:40.868Z] >>> [apiv2][query] POST https://cloudfunctions.googleapis.com/v1/projects/ecogrowth-journal/locations/europe-west1/functions:generateUploadUrl [none]
[debug] [2026-09-21T12:56:40.868Z] >>> [apiv2][body] POST https://cloudfunctions.googleapis.com/v1/projects/ecogrowth-journal/locations/europe-west1/functions:generateUploadUrl {}
[debug] [2026-09-21T12:56:42.550Z] <<< [apiv2][status] POST https://cloudfunctions.googleapis.com/v1/projects/ecogrowth-journal/locations/europe-west1/functions:generateUploadUrl 200
[debug] [2026-09-21T12:56:42.550Z] <<< [apiv2][body] POST https://cloudfunctions.googleapis.com/v1/projects/ecogrowth-journal/locations/europe-west1/functions:generateUploadUrl {"uploadUrl":"https://storage.googleapis.com/uploads-36139802032.europe-west1.cloudfunctions.appspot.com/f4133425-ca61-453f-84b6-1ccc81d0a40a.zip?GoogleAccessId=service-653160982011@gcf-admin-robot.iam.gserviceaccount.com&Expires=1789997202&Signature=D4Rq9ieY8Ohlv7uAL8evmuH2%2BVi4lnK%2FBE%2Fpu36gdaK0dblJjQalUDl5UPPhk5YLV5rqyhZisNclADKOBTpB9USziBuJ9Cr1oxXdCQ7RA1AJJjUOXqUA9gckKe3gdW6mBPdqhHOKQomq2IkYTwafvQWbU02aHtWI0QIimnLMA9PeaNImTRUYjCZx86FeY2A7Np3a7KNWB7V1xsN4m29WMGCmznxp9x%2Fhgkk%2FpWW34dnhVSMmGTq6yxy215MhCi%2F5iptaK9f7T56Y6%2BSRovhD31fjkOqQeq8txshYonhGp1NAJh7ts5L0Z9ZK5Jvf1yNdOYRNNHiNK%2FL8rbr9eSaIWA%3D%3D"}
[debug] [2026-09-21T12:56:42.551Z] >>> [apiv2][query] PUT https://storage.googleapis.com/uploads-36139802032.europe-west1.cloudfunctions.appspot.com/f4133425-ca61-453f-84b6-1ccc81d0a40a.zip GoogleAccessId=service-653160982011%40gcf-admin-robot.iam.gserviceaccount.com&Expires=1789997202&Signature=D4Rq9ieY8Ohlv7uAL8evmuH2%2BVi4lnK%2FBE%2Fpu36gdaK0dblJjQalUDl5UPPhk5YLV5rqyhZisNclADKOBTpB9USziBuJ9Cr1oxXdCQ7RA1AJJjUOXqUA9gckKe3gdW6mBPdqhHOKQomq2IkYTwafvQWbU02aHtWI0QIimnLMA9PeaNImTRUYjCZx86FeY2A7Np3a7KNWB7V1xsN4m29WMGCmznxp9x%2Fhgkk%2FpWW34dnhVSMmGTq6yxy215MhCi%2F5iptaK9f7T56Y6%2BSRovhD31fjkOqQeq8txshYonhGp1NAJh7ts5L0Z9ZK5Jvf1yNdOYRNNHiNK%2FL8rbr9eSaIWA%3D%3D
[debug] [2026-09-21T12:56:42.551Z] >>> [apiv2][body] PUT https://storage.googleapis.com/uploads-36139802032.europe-west1.cloudfunctions.appspot.com/f4133425-ca61-453f-84b6-1ccc81d0a40a.zip [stream]
[debug] [2026-09-21T12:56:42.931Z] <<< [apiv2][status] PUT https://storage.googleapis.com/uploads-36139802032.europe-west1.cloudfunctions.appspot.com/f4133425-ca61-453f-84b6-1ccc81d0a40a.zip 200
[debug] [2026-09-21T12:56:42.931Z] <<< [apiv2][body] PUT https://storage.googleapis.com/uploads-36139802032.europe-west1.cloudfunctions.appspot.com/f4133425-ca61-453f-84b6-1ccc81d0a40a.zip [omitted]
[info] ✔  functions: functions source uploaded successfully 
[info] i  functions: updating Node.js 20 (1st Gen) function onIncidentCreated(europe-west1)... 
[info] i  functions: updating Node.js 20 (1st Gen) function onMediaUploaded(europe-west1)... 
[debug] [2026-09-21T12:56:42.940Z] Checked if tokens are valid: true, expires at: 1789998674043
[debug] [2026-09-21T12:56:42.940Z] Checked if tokens are valid: true, expires at: 1789998674043
[debug] [2026-09-21T12:56:42.940Z] >>> [apiv2][query] PATCH https://cloudfunctions.googleapis.com/v1/projects/ecogrowth-journal/locations/europe-west1/functions/onIncidentCreated updateMask=name%2CsourceUploadUrl%2CentryPoint%2Cruntime%2CdockerRegistry%2Clabels%2CeventTrigger.eventType%2CeventTrigger.resource%2CeventTrigger.failurePolicy%2CminInstances%2CmaxInstances%2CingressSettings%2CenvironmentVariables%2CserviceAccountEmail%2CavailableMemoryMb%2Ctimeout%2CvpcConnector%2CvpcConnectorEgressSettings%2CsourceToken%2CbuildEnvironmentVariables
[debug] [2026-09-21T12:56:42.940Z] >>> [apiv2][body] PATCH https://cloudfunctions.googleapis.com/v1/projects/ecogrowth-journal/locations/europe-west1/functions/onIncidentCreated {"name":"projects/ecogrowth-journal/locations/europe-west1/functions/onIncidentCreated","sourceUploadUrl":"https://storage.googleapis.com/uploads-36139802032.europe-west1.cloudfunctions.appspot.com/f4133425-ca61-453f-84b6-1ccc81d0a40a.zip?GoogleAccessId=service-653160982011@gcf-admin-robot.iam.gserviceaccount.com&Expires=1789997202&Signature=D4Rq9ieY8Ohlv7uAL8evmuH2%2BVi4lnK%2FBE%2Fpu36gdaK0dblJjQalUDl5UPPhk5YLV5rqyhZisNclADKOBTpB9USziBuJ9Cr1oxXdCQ7RA1AJJjUOXqUA9gckKe3gdW6mBPdqhHOKQomq2IkYTwafvQWbU02aHtWI0QIimnLMA9PeaNImTRUYjCZx86FeY2A7Np3a7KNWB7V1xsN4m29WMGCmznxp9x%2Fhgkk%2FpWW34dnhVSMmGTq6yxy215MhCi%2F5iptaK9f7T56Y6%2BSRovhD31fjkOqQeq8txshYonhGp1NAJh7ts5L0Z9ZK5Jvf1yNdOYRNNHiNK%2FL8rbr9eSaIWA%3D%3D","entryPoint":"onIncidentCreated","runtime":"nodejs20","dockerRegistry":"ARTIFACT_REGISTRY","labels":{"deployment-tool":"cli-firebase","firebase-functions-hash":"d4b5566d5ad6abba3e89ab70c6d271ba4a23292d"},"eventTrigger":{"eventType":"providers/google.firebase.database/eventTypes/ref.create","resource":"projects/_/instances/ecogrowth-journal-default-rtdb/refs/incidents/{incidentId}"},"minInstances":null,"maxInstances":null,"ingressSettings":null,"environmentVariables":{"FIREBASE_CONFIG":"{\"projectId\":\"ecogrowth-journal\",\"databaseURL\":\"https://ecogrowth-journal-default-rtdb.europe-west1.firebasedatabase.app\",\"storageBucket\":\"ecogrowth-journal.firebasestorage.app\"}","GCLOUD_PROJECT":"ecogrowth-journal","EVENTARC_CLOUD_EVENT_SOURCE":"projects/ecogrowth-journal/locations/europe-west1/functions/onIncidentCreated"},"serviceAccountEmail":null,"availableMemoryMb":null,"timeout":null,"vpcConnector":null,"vpcConnectorEgressSettings":null,"buildEnvironmentVariables":{"GOOGLE_NODE_RUN_SCRIPTS":""}}
[debug] [2026-09-21T12:56:43.709Z] <<< [apiv2][status] PATCH https://cloudfunctions.googleapis.com/v1/projects/ecogrowth-journal/locations/europe-west1/functions/onIncidentCreated 200
[debug] [2026-09-21T12:56:43.709Z] <<< [apiv2][body] PATCH https://cloudfunctions.googleapis.com/v1/projects/ecogrowth-journal/locations/europe-west1/functions/onIncidentCreated {"name":"operations/ZWNvZ3Jvd3RoLWpvdXJuYWwvZXVyb3BlLXdlc3QxL29uSW5jaWRlbnRDcmVhdGVkL3hlelk4VTlsR2JJ","metadata":{"@type":"type.googleapis.com/google.cloud.functions.v1.OperationMetadataV1","target":"projects/ecogrowth-journal/locations/europe-west1/functions/onIncidentCreated","type":"UPDATE_FUNCTION","request":{"@type":"type.googleapis.com/google.cloud.functions.v1.CloudFunction","name":"projects/ecogrowth-journal/locations/europe-west1/functions/onIncidentCreated","eventTrigger":{"eventType":"providers/google.firebase.database/eventTypes/ref.create","resource":"projects/_/instances/ecogrowth-journal-default-rtdb/refs/incidents/{incidentId}","service":"firebaseio.com"},"status":"ACTIVE","entryPoint":"onIncidentCreated","updateTime":"2026-09-21T12:54:35.581Z","versionId":"4","labels":{"deployment-tool":"cli-firebase","firebase-functions-hash":"d4b5566d5ad6abba3e89ab70c6d271ba4a23292d"},"sourceUploadUrl":"https://storage.googleapis.com/uploads-36139802032.europe-west1.cloudfunctions.appspot.com/f4133425-ca61-453f-84b6-1ccc81d0a40a.zip?GoogleAccessId=service-653160982011@gcf-admin-robot.iam.gserviceaccount.com&Expires=1789997202&Signature=D4Rq9ieY8Ohlv7uAL8evmuH2%2BVi4lnK%2FBE%2Fpu36gdaK0dblJjQalUDl5UPPhk5YLV5rqyhZisNclADKOBTpB9USziBuJ9Cr1oxXdCQ7RA1AJJjUOXqUA9gckKe3gdW6mBPdqhHOKQomq2IkYTwafvQWbU02aHtWI0QIimnLMA9PeaNImTRUYjCZx86FeY2A7Np3a7KNWB7V1xsN4m29WMGCmznxp9x%2Fhgkk%2FpWW34dnhVSMmGTq6yxy215MhCi%2F5iptaK9f7T56Y6%2BSRovhD31fjkOqQeq8txshYonhGp1NAJh7ts5L0Z9ZK5Jvf1yNdOYRNNHiNK%2FL8rbr9eSaIWA%3D%3D","environmentVariables":{"FIREBASE_CONFIG":"{\"projectId\":\"ecogrowth-journal\",\"databaseURL\":\"https://ecogrowth-journal-default-rtdb.europe-west1.firebasedatabase.app\",\"storageBucket\":\"ecogrowth-journal.firebasestorage.app\"}","GCLOUD_PROJECT":"ecogrowth-journal","EVENTARC_CLOUD_EVENT_SOURCE":"projects/ecogrowth-journal/locations/europe-west1/functions/onIncidentCreated"},"runtime":"nodejs20","buildId":"66c843d2-08c7-4a06-bc68-5e2b12334efa","buildEnvironmentVariables":{"GOOGLE_NODE_RUN_SCRIPTS":""},"buildName":"projects/653160982011/locations/europe-west1/builds/66c843d2-08c7-4a06-bc68-5e2b12334efa","dockerRegistry":"ARTIFACT_REGISTRY","automaticUpdatePolicy":{},"buildServiceAccount":"projects/ecogrowth-journal/serviceAccounts/653160982011-compute@developer.gserviceaccount.com"},"versionId":"5","updateTime":"2026-09-21T12:56:43Z"}}
[debug] [2026-09-21T12:56:43.710Z] Checked if tokens are valid: true, expires at: 1789998674043
[debug] [2026-09-21T12:56:43.710Z] Checked if tokens are valid: true, expires at: 1789998674043
[debug] [2026-09-21T12:56:43.710Z] >>> [apiv2][query] GET https://cloudfunctions.googleapis.com/v1/operations/ZWNvZ3Jvd3RoLWpvdXJuYWwvZXVyb3BlLXdlc3QxL29uSW5jaWRlbnRDcmVhdGVkL3hlelk4VTlsR2JJ [none]
[debug] [2026-09-21T12:56:43.981Z] <<< [apiv2][status] GET https://cloudfunctions.googleapis.com/v1/operations/ZWNvZ3Jvd3RoLWpvdXJuYWwvZXVyb3BlLXdlc3QxL29uSW5jaWRlbnRDcmVhdGVkL3hlelk4VTlsR2JJ 200
[debug] [2026-09-21T12:56:43.982Z] <<< [apiv2][body] GET https://cloudfunctions.googleapis.com/v1/operations/ZWNvZ3Jvd3RoLWpvdXJuYWwvZXVyb3BlLXdlc3QxL29uSW5jaWRlbnRDcmVhdGVkL3hlelk4VTlsR2JJ {"name":"operations/ZWNvZ3Jvd3RoLWpvdXJuYWwvZXVyb3BlLXdlc3QxL29uSW5jaWRlbnRDcmVhdGVkL3hlelk4VTlsR2JJ","metadata":{"@type":"type.googleapis.com/google.cloud.functions.v1.OperationMetadataV1","target":"projects/ecogrowth-journal/locations/europe-west1/functions/onIncidentCreated","type":"UPDATE_FUNCTION","request":{"@type":"type.googleapis.com/google.cloud.functions.v1.CloudFunction","name":"projects/ecogrowth-journal/locations/europe-west1/functions/onIncidentCreated","eventTrigger":{"eventType":"providers/google.firebase.database/eventTypes/ref.create","resource":"projects/_/instances/ecogrowth-journal-default-rtdb/refs/incidents/{incidentId}","service":"firebaseio.com"},"status":"ACTIVE","entryPoint":"onIncidentCreated","updateTime":"2026-09-21T12:54:35.581Z","versionId":"4","labels":{"deployment-tool":"cli-firebase","firebase-functions-hash":"d4b5566d5ad6abba3e89ab70c6d271ba4a23292d"},"sourceUploadUrl":"https://storage.googleapis.com/uploads-36139802032.europe-west1.cloudfunctions.appspot.com/f4133425-ca61-453f-84b6-1ccc81d0a40a.zip?GoogleAccessId=service-653160982011@gcf-admin-robot.iam.gserviceaccount.com&Expires=1789997202&Signature=D4Rq9ieY8Ohlv7uAL8evmuH2%2BVi4lnK%2FBE%2Fpu36gdaK0dblJjQalUDl5UPPhk5YLV5rqyhZisNclADKOBTpB9USziBuJ9Cr1oxXdCQ7RA1AJJjUOXqUA9gckKe3gdW6mBPdqhHOKQomq2IkYTwafvQWbU02aHtWI0QIimnLMA9PeaNImTRUYjCZx86FeY2A7Np3a7KNWB7V1xsN4m29WMGCmznxp9x%2Fhgkk%2FpWW34dnhVSMmGTq6yxy215MhCi%2F5iptaK9f7T56Y6%2BSRovhD31fjkOqQeq8txshYonhGp1NAJh7ts5L0Z9ZK5Jvf1yNdOYRNNHiNK%2FL8rbr9eSaIWA%3D%3D","environmentVariables":{"FIREBASE_CONFIG":"{\"projectId\":\"ecogrowth-journal\",\"databaseURL\":\"https://ecogrowth-journal-default-rtdb.europe-west1.firebasedatabase.app\",\"storageBucket\":\"ecogrowth-journal.firebasestorage.app\"}","GCLOUD_PROJECT":"ecogrowth-journal","EVENTARC_CLOUD_EVENT_SOURCE":"projects/ecogrowth-journal/locations/europe-west1/functions/onIncidentCreated"},"runtime":"nodejs20","buildId":"66c843d2-08c7-4a06-bc68-5e2b12334efa","buildEnvironmentVariables":{"GOOGLE_NODE_RUN_SCRIPTS":""},"buildName":"projects/653160982011/locations/europe-west1/builds/66c843d2-08c7-4a06-bc68-5e2b12334efa","dockerRegistry":"ARTIFACT_REGISTRY","automaticUpdatePolicy":{},"buildServiceAccount":"projects/ecogrowth-journal/serviceAccounts/653160982011-compute@developer.gserviceaccount.com"},"versionId":"5","updateTime":"2026-09-21T12:56:43Z"}}
[debug] [2026-09-21T12:56:44.483Z] [update-default-europe-west1-onIncidentCreated] Retrying task index 0
[debug] [2026-09-21T12:56:44.483Z] Checked if tokens are valid: true, expires at: 1789998674043
[debug] [2026-09-21T12:56:44.483Z] Checked if tokens are valid: true, expires at: 1789998674043
[debug] [2026-09-21T12:56:44.484Z] >>> [apiv2][query] GET https://cloudfunctions.googleapis.com/v1/operations/ZWNvZ3Jvd3RoLWpvdXJuYWwvZXVyb3BlLXdlc3QxL29uSW5jaWRlbnRDcmVhdGVkL3hlelk4VTlsR2JJ [none]
[debug] [2026-09-21T12:56:44.722Z] <<< [apiv2][status] GET https://cloudfunctions.googleapis.com/v1/operations/ZWNvZ3Jvd3RoLWpvdXJuYWwvZXVyb3BlLXdlc3QxL29uSW5jaWRlbnRDcmVhdGVkL3hlelk4VTlsR2JJ 200
[debug] [2026-09-21T12:56:44.722Z] <<< [apiv2][body] GET https://cloudfunctions.googleapis.com/v1/operations/ZWNvZ3Jvd3RoLWpvdXJuYWwvZXVyb3BlLXdlc3QxL29uSW5jaWRlbnRDcmVhdGVkL3hlelk4VTlsR2JJ {"name":"operations/ZWNvZ3Jvd3RoLWpvdXJuYWwvZXVyb3BlLXdlc3QxL29uSW5jaWRlbnRDcmVhdGVkL3hlelk4VTlsR2JJ","metadata":{"@type":"type.googleapis.com/google.cloud.functions.v1.OperationMetadataV1","target":"projects/ecogrowth-journal/locations/europe-west1/functions/onIncidentCreated","type":"UPDATE_FUNCTION","request":{"@type":"type.googleapis.com/google.cloud.functions.v1.CloudFunction","name":"projects/ecogrowth-journal/locations/europe-west1/functions/onIncidentCreated","eventTrigger":{"eventType":"providers/google.firebase.database/eventTypes/ref.create","resource":"projects/_/instances/ecogrowth-journal-default-rtdb/refs/incidents/{incidentId}","service":"firebaseio.com"},"status":"ACTIVE","entryPoint":"onIncidentCreated","updateTime":"2026-09-21T12:54:35.581Z","versionId":"4","labels":{"deployment-tool":"cli-firebase","firebase-functions-hash":"d4b5566d5ad6abba3e89ab70c6d271ba4a23292d"},"sourceUploadUrl":"https://storage.googleapis.com/uploads-36139802032.europe-west1.cloudfunctions.appspot.com/f4133425-ca61-453f-84b6-1ccc81d0a40a.zip?GoogleAccessId=service-653160982011@gcf-admin-robot.iam.gserviceaccount.com&Expires=1789997202&Signature=D4Rq9ieY8Ohlv7uAL8evmuH2%2BVi4lnK%2FBE%2Fpu36gdaK0dblJjQalUDl5UPPhk5YLV5rqyhZisNclADKOBTpB9USziBuJ9Cr1oxXdCQ7RA1AJJjUOXqUA9gckKe3gdW6mBPdqhHOKQomq2IkYTwafvQWbU02aHtWI0QIimnLMA9PeaNImTRUYjCZx86FeY2A7Np3a7KNWB7V1xsN4m29WMGCmznxp9x%2Fhgkk%2FpWW34dnhVSMmGTq6yxy215MhCi%2F5iptaK9f7T56Y6%2BSRovhD31fjkOqQeq8txshYonhGp1NAJh7ts5L0Z9ZK5Jvf1yNdOYRNNHiNK%2FL8rbr9eSaIWA%3D%3D","environmentVariables":{"FIREBASE_CONFIG":"{\"projectId\":\"ecogrowth-journal\",\"databaseURL\":\"https://ecogrowth-journal-default-rtdb.europe-west1.firebasedatabase.app\",\"storageBucket\":\"ecogrowth-journal.firebasestorage.app\"}","GCLOUD_PROJECT":"ecogrowth-journal","EVENTARC_CLOUD_EVENT_SOURCE":"projects/ecogrowth-journal/locations/europe-west1/functions/onIncidentCreated"},"runtime":"nodejs20","buildId":"66c843d2-08c7-4a06-bc68-5e2b12334efa","buildEnvironmentVariables":{"GOOGLE_NODE_RUN_SCRIPTS":""},"buildName":"projects/653160982011/locations/europe-west1/builds/66c843d2-08c7-4a06-bc68-5e2b12334efa","dockerRegistry":"ARTIFACT_REGISTRY","automaticUpdatePolicy":{},"buildServiceAccount":"projects/ecogrowth-journal/serviceAccounts/653160982011-compute@developer.gserviceaccount.com"},"versionId":"5","updateTime":"2026-09-21T12:56:44Z"}}
[debug] [2026-09-21T12:56:45.724Z] [update-default-europe-west1-onIncidentCreated] Retrying task index 0
[debug] [2026-09-21T12:56:45.724Z] Checked if tokens are valid: true, expires at: 1789998674043
[debug] [2026-09-21T12:56:45.724Z] Checked if tokens are valid: true, expires at: 1789998674043
[debug] [2026-09-21T12:56:45.724Z] >>> [apiv2][query] GET https://cloudfunctions.googleapis.com/v1/operations/ZWNvZ3Jvd3RoLWpvdXJuYWwvZXVyb3BlLXdlc3QxL29uSW5jaWRlbnRDcmVhdGVkL3hlelk4VTlsR2JJ [none]
[debug] [2026-09-21T12:56:45.955Z] <<< [apiv2][status] GET https://cloudfunctions.googleapis.com/v1/operations/ZWNvZ3Jvd3RoLWpvdXJuYWwvZXVyb3BlLXdlc3QxL29uSW5jaWRlbnRDcmVhdGVkL3hlelk4VTlsR2JJ 200
[debug] [2026-09-21T12:56:45.956Z] <<< [apiv2][body] GET https://cloudfunctions.googleapis.com/v1/operations/ZWNvZ3Jvd3RoLWpvdXJuYWwvZXVyb3BlLXdlc3QxL29uSW5jaWRlbnRDcmVhdGVkL3hlelk4VTlsR2JJ {"name":"operations/ZWNvZ3Jvd3RoLWpvdXJuYWwvZXVyb3BlLXdlc3QxL29uSW5jaWRlbnRDcmVhdGVkL3hlelk4VTlsR2JJ","metadata":{"@type":"type.googleapis.com/google.cloud.functions.v1.OperationMetadataV1","target":"projects/ecogrowth-journal/locations/europe-west1/functions/onIncidentCreated","type":"UPDATE_FUNCTION","request":{"@type":"type.googleapis.com/google.cloud.functions.v1.CloudFunction","name":"projects/ecogrowth-journal/locations/europe-west1/functions/onIncidentCreated","eventTrigger":{"eventType":"providers/google.firebase.database/eventTypes/ref.create","resource":"projects/_/instances/ecogrowth-journal-default-rtdb/refs/incidents/{incidentId}","service":"firebaseio.com"},"status":"ACTIVE","entryPoint":"onIncidentCreated","updateTime":"2026-09-21T12:54:35.581Z","versionId":"4","labels":{"deployment-tool":"cli-firebase","firebase-functions-hash":"d4b5566d5ad6abba3e89ab70c6d271ba4a23292d"},"sourceUploadUrl":"https://storage.googleapis.com/uploads-36139802032.europe-west1.cloudfunctions.appspot.com/f4133425-ca61-453f-84b6-1ccc81d0a40a.zip?GoogleAccessId=service-653160982011@gcf-admin-robot.iam.gserviceaccount.com&Expires=1789997202&Signature=D4Rq9ieY8Ohlv7uAL8evmuH2%2BVi4lnK%2FBE%2Fpu36gdaK0dblJjQalUDl5UPPhk5YLV5rqyhZisNclADKOBTpB9USziBuJ9Cr1oxXdCQ7RA1AJJjUOXqUA9gckKe3gdW6mBPdqhHOKQomq2IkYTwafvQWbU02aHtWI0QIimnLMA9PeaNImTRUYjCZx86FeY2A7Np3a7KNWB7V1xsN4m29WMGCmznxp9x%2Fhgkk%2FpWW34dnhVSMmGTq6yxy215MhCi%2F5iptaK9f7T56Y6%2BSRovhD31fjkOqQeq8txshYonhGp1NAJh7ts5L0Z9ZK5Jvf1yNdOYRNNHiNK%2FL8rbr9eSaIWA%3D%3D","environmentVariables":{"FIREBASE_CONFIG":"{\"projectId\":\"ecogrowth-journal\",\"databaseURL\":\"https://ecogrowth-journal-default-rtdb.europe-west1.firebasedatabase.app\",\"storageBucket\":\"ecogrowth-journal.firebasestorage.app\"}","GCLOUD_PROJECT":"ecogrowth-journal","EVENTARC_CLOUD_EVENT_SOURCE":"projects/ecogrowth-journal/locations/europe-west1/functions/onIncidentCreated"},"runtime":"nodejs20","buildId":"66c843d2-08c7-4a06-bc68-5e2b12334efa","buildEnvironmentVariables":{"GOOGLE_NODE_RUN_SCRIPTS":""},"buildName":"projects/653160982011/locations/europe-west1/builds/66c843d2-08c7-4a06-bc68-5e2b12334efa","dockerRegistry":"ARTIFACT_REGISTRY","automaticUpdatePolicy":{},"buildServiceAccount":"projects/ecogrowth-journal/serviceAccounts/653160982011-compute@developer.gserviceaccount.com"},"versionId":"5","updateTime":"2026-09-21T12:56:44Z"}}
[debug] [2026-09-21T12:56:47.957Z] [update-default-europe-west1-onIncidentCreated] Retrying task index 0
[debug] [2026-09-21T12:56:47.958Z] Checked if tokens are valid: true, expires at: 1789998674043
[debug] [2026-09-21T12:56:47.958Z] Checked if tokens are valid: true, expires at: 1789998674043
[debug] [2026-09-21T12:56:47.958Z] >>> [apiv2][query] GET https://cloudfunctions.googleapis.com/v1/operations/ZWNvZ3Jvd3RoLWpvdXJuYWwvZXVyb3BlLXdlc3QxL29uSW5jaWRlbnRDcmVhdGVkL3hlelk4VTlsR2JJ [none]
[debug] [2026-09-21T12:56:48.167Z] <<< [apiv2][status] GET https://cloudfunctions.googleapis.com/v1/operations/ZWNvZ3Jvd3RoLWpvdXJuYWwvZXVyb3BlLXdlc3QxL29uSW5jaWRlbnRDcmVhdGVkL3hlelk4VTlsR2JJ 200
[debug] [2026-09-21T12:56:48.167Z] <<< [apiv2][body] GET https://cloudfunctions.googleapis.com/v1/operations/ZWNvZ3Jvd3RoLWpvdXJuYWwvZXVyb3BlLXdlc3QxL29uSW5jaWRlbnRDcmVhdGVkL3hlelk4VTlsR2JJ {"name":"operations/ZWNvZ3Jvd3RoLWpvdXJuYWwvZXVyb3BlLXdlc3QxL29uSW5jaWRlbnRDcmVhdGVkL3hlelk4VTlsR2JJ","metadata":{"@type":"type.googleapis.com/google.cloud.functions.v1.OperationMetadataV1","target":"projects/ecogrowth-journal/locations/europe-west1/functions/onIncidentCreated","type":"UPDATE_FUNCTION","request":{"@type":"type.googleapis.com/google.cloud.functions.v1.CloudFunction","name":"projects/ecogrowth-journal/locations/europe-west1/functions/onIncidentCreated","eventTrigger":{"eventType":"providers/google.firebase.database/eventTypes/ref.create","resource":"projects/_/instances/ecogrowth-journal-default-rtdb/refs/incidents/{incidentId}","service":"firebaseio.com"},"status":"ACTIVE","entryPoint":"onIncidentCreated","updateTime":"2026-09-21T12:54:35.581Z","versionId":"4","labels":{"deployment-tool":"cli-firebase","firebase-functions-hash":"d4b5566d5ad6abba3e89ab70c6d271ba4a23292d"},"sourceUploadUrl":"https://storage.googleapis.com/uploads-36139802032.europe-west1.cloudfunctions.appspot.com/f4133425-ca61-453f-84b6-1ccc81d0a40a.zip?GoogleAccessId=service-653160982011@gcf-admin-robot.iam.gserviceaccount.com&Expires=1789997202&Signature=D4Rq9ieY8Ohlv7uAL8evmuH2%2BVi4lnK%2FBE%2Fpu36gdaK0dblJjQalUDl5UPPhk5YLV5rqyhZisNclADKOBTpB9USziBuJ9Cr1oxXdCQ7RA1AJJjUOXqUA9gckKe3gdW6mBPdqhHOKQomq2IkYTwafvQWbU02aHtWI0QIimnLMA9PeaNImTRUYjCZx86FeY2A7Np3a7KNWB7V1xsN4m29WMGCmznxp9x%2Fhgkk%2FpWW34dnhVSMmGTq6yxy215MhCi%2F5iptaK9f7T56Y6%2BSRovhD31fjkOqQeq8txshYonhGp1NAJh7ts5L0Z9ZK5Jvf1yNdOYRNNHiNK%2FL8rbr9eSaIWA%3D%3D","environmentVariables":{"FIREBASE_CONFIG":"{\"projectId\":\"ecogrowth-journal\",\"databaseURL\":\"https://ecogrowth-journal-default-rtdb.europe-west1.firebasedatabase.app\",\"storageBucket\":\"ecogrowth-journal.firebasestorage.app\"}","GCLOUD_PROJECT":"ecogrowth-journal","EVENTARC_CLOUD_EVENT_SOURCE":"projects/ecogrowth-journal/locations/europe-west1/functions/onIncidentCreated"},"runtime":"nodejs20","buildId":"66c843d2-08c7-4a06-bc68-5e2b12334efa","buildEnvironmentVariables":{"GOOGLE_NODE_RUN_SCRIPTS":""},"buildName":"projects/653160982011/locations/europe-west1/builds/66c843d2-08c7-4a06-bc68-5e2b12334efa","dockerRegistry":"ARTIFACT_REGISTRY","automaticUpdatePolicy":{},"buildServiceAccount":"projects/ecogrowth-journal/serviceAccounts/653160982011-compute@developer.gserviceaccount.com"},"versionId":"5","updateTime":"2026-09-21T12:56:44Z","buildId":"75b0ac1f-62cb-4194-9834-1727de47bbfe","buildName":"projects/653160982011/locations/europe-west1/builds/75b0ac1f-62cb-4194-9834-1727de47bbfe"}}
[debug] [2026-09-21T12:56:52.169Z] [update-default-europe-west1-onIncidentCreated] Retrying task index 0
[debug] [2026-09-21T12:56:52.169Z] Checked if tokens are valid: true, expires at: 1789998674043
[debug] [2026-09-21T12:56:52.169Z] Checked if tokens are valid: true, expires at: 1789998674043
[debug] [2026-09-21T12:56:52.169Z] >>> [apiv2][query] GET https://cloudfunctions.googleapis.com/v1/operations/ZWNvZ3Jvd3RoLWpvdXJuYWwvZXVyb3BlLXdlc3QxL29uSW5jaWRlbnRDcmVhdGVkL3hlelk4VTlsR2JJ [none]
[debug] [2026-09-21T12:56:52.724Z] <<< [apiv2][status] GET https://cloudfunctions.googleapis.com/v1/operations/ZWNvZ3Jvd3RoLWpvdXJuYWwvZXVyb3BlLXdlc3QxL29uSW5jaWRlbnRDcmVhdGVkL3hlelk4VTlsR2JJ 200
[debug] [2026-09-21T12:56:52.724Z] <<< [apiv2][body] GET https://cloudfunctions.googleapis.com/v1/operations/ZWNvZ3Jvd3RoLWpvdXJuYWwvZXVyb3BlLXdlc3QxL29uSW5jaWRlbnRDcmVhdGVkL3hlelk4VTlsR2JJ {"name":"operations/ZWNvZ3Jvd3RoLWpvdXJuYWwvZXVyb3BlLXdlc3QxL29uSW5jaWRlbnRDcmVhdGVkL3hlelk4VTlsR2JJ","metadata":{"@type":"type.googleapis.com/google.cloud.functions.v1.OperationMetadataV1","target":"projects/ecogrowth-journal/locations/europe-west1/functions/onIncidentCreated","type":"UPDATE_FUNCTION","request":{"@type":"type.googleapis.com/google.cloud.functions.v1.CloudFunction","name":"projects/ecogrowth-journal/locations/europe-west1/functions/onIncidentCreated","eventTrigger":{"eventType":"providers/google.firebase.database/eventTypes/ref.create","resource":"projects/_/instances/ecogrowth-journal-default-rtdb/refs/incidents/{incidentId}","service":"firebaseio.com"},"status":"ACTIVE","entryPoint":"onIncidentCreated","updateTime":"2026-09-21T12:54:35.581Z","versionId":"4","labels":{"deployment-tool":"cli-firebase","firebase-functions-hash":"d4b5566d5ad6abba3e89ab70c6d271ba4a23292d"},"sourceUploadUrl":"https://storage.googleapis.com/uploads-36139802032.europe-west1.cloudfunctions.appspot.com/f4133425-ca61-453f-84b6-1ccc81d0a40a.zip?GoogleAccessId=service-653160982011@gcf-admin-robot.iam.gserviceaccount.com&Expires=1789997202&Signature=D4Rq9ieY8Ohlv7uAL8evmuH2%2BVi4lnK%2FBE%2Fpu36gdaK0dblJjQalUDl5UPPhk5YLV5rqyhZisNclADKOBTpB9USziBuJ9Cr1oxXdCQ7RA1AJJjUOXqUA9gckKe3gdW6mBPdqhHOKQomq2IkYTwafvQWbU02aHtWI0QIimnLMA9PeaNImTRUYjCZx86FeY2A7Np3a7KNWB7V1xsN4m29WMGCmznxp9x%2Fhgkk%2FpWW34dnhVSMmGTq6yxy215MhCi%2F5iptaK9f7T56Y6%2BSRovhD31fjkOqQeq8txshYonhGp1NAJh7ts5L0Z9ZK5Jvf1yNdOYRNNHiNK%2FL8rbr9eSaIWA%3D%3D","environmentVariables":{"FIREBASE_CONFIG":"{\"projectId\":\"ecogrowth-journal\",\"databaseURL\":\"https://ecogrowth-journal-default-rtdb.europe-west1.firebasedatabase.app\",\"storageBucket\":\"ecogrowth-journal.firebasestorage.app\"}","GCLOUD_PROJECT":"ecogrowth-journal","EVENTARC_CLOUD_EVENT_SOURCE":"projects/ecogrowth-journal/locations/europe-west1/functions/onIncidentCreated"},"runtime":"nodejs20","buildId":"66c843d2-08c7-4a06-bc68-5e2b12334efa","buildEnvironmentVariables":{"GOOGLE_NODE_RUN_SCRIPTS":""},"buildName":"projects/653160982011/locations/europe-west1/builds/66c843d2-08c7-4a06-bc68-5e2b12334efa","dockerRegistry":"ARTIFACT_REGISTRY","automaticUpdatePolicy":{},"buildServiceAccount":"projects/ecogrowth-journal/serviceAccounts/653160982011-compute@developer.gserviceaccount.com"},"versionId":"5","updateTime":"2026-09-21T12:56:44Z","buildId":"75b0ac1f-62cb-4194-9834-1727de47bbfe","buildName":"projects/653160982011/locations/europe-west1/builds/75b0ac1f-62cb-4194-9834-1727de47bbfe"}}
[debug] [2026-09-21T12:57:00.725Z] [update-default-europe-west1-onIncidentCreated] Retrying task index 0
[debug] [2026-09-21T12:57:00.726Z] Checked if tokens are valid: true, expires at: 1789998674043
[debug] [2026-09-21T12:57:00.726Z] Checked if tokens are valid: true, expires at: 1789998674043
[debug] [2026-09-21T12:57:00.726Z] >>> [apiv2][query] GET https://cloudfunctions.googleapis.com/v1/operations/ZWNvZ3Jvd3RoLWpvdXJuYWwvZXVyb3BlLXdlc3QxL29uSW5jaWRlbnRDcmVhdGVkL3hlelk4VTlsR2JJ [none]
[debug] [2026-09-21T12:57:01.291Z] <<< [apiv2][status] GET https://cloudfunctions.googleapis.com/v1/operations/ZWNvZ3Jvd3RoLWpvdXJuYWwvZXVyb3BlLXdlc3QxL29uSW5jaWRlbnRDcmVhdGVkL3hlelk4VTlsR2JJ 200
[debug] [2026-09-21T12:57:01.291Z] <<< [apiv2][body] GET https://cloudfunctions.googleapis.com/v1/operations/ZWNvZ3Jvd3RoLWpvdXJuYWwvZXVyb3BlLXdlc3QxL29uSW5jaWRlbnRDcmVhdGVkL3hlelk4VTlsR2JJ {"name":"operations/ZWNvZ3Jvd3RoLWpvdXJuYWwvZXVyb3BlLXdlc3QxL29uSW5jaWRlbnRDcmVhdGVkL3hlelk4VTlsR2JJ","metadata":{"@type":"type.googleapis.com/google.cloud.functions.v1.OperationMetadataV1","target":"projects/ecogrowth-journal/locations/europe-west1/functions/onIncidentCreated","type":"UPDATE_FUNCTION","request":{"@type":"type.googleapis.com/google.cloud.functions.v1.CloudFunction","name":"projects/ecogrowth-journal/locations/europe-west1/functions/onIncidentCreated","eventTrigger":{"eventType":"providers/google.firebase.database/eventTypes/ref.create","resource":"projects/_/instances/ecogrowth-journal-default-rtdb/refs/incidents/{incidentId}","service":"firebaseio.com"},"status":"ACTIVE","entryPoint":"onIncidentCreated","updateTime":"2026-09-21T12:54:35.581Z","versionId":"4","labels":{"deployment-tool":"cli-firebase","firebase-functions-hash":"d4b5566d5ad6abba3e89ab70c6d271ba4a23292d"},"sourceUploadUrl":"https://storage.googleapis.com/uploads-36139802032.europe-west1.cloudfunctions.appspot.com/f4133425-ca61-453f-84b6-1ccc81d0a40a.zip?GoogleAccessId=service-653160982011@gcf-admin-robot.iam.gserviceaccount.com&Expires=1789997202&Signature=D4Rq9ieY8Ohlv7uAL8evmuH2%2BVi4lnK%2FBE%2Fpu36gdaK0dblJjQalUDl5UPPhk5YLV5rqyhZisNclADKOBTpB9USziBuJ9Cr1oxXdCQ7RA1AJJjUOXqUA9gckKe3gdW6mBPdqhHOKQomq2IkYTwafvQWbU02aHtWI0QIimnLMA9PeaNImTRUYjCZx86FeY2A7Np3a7KNWB7V1xsN4m29WMGCmznxp9x%2Fhgkk%2FpWW34dnhVSMmGTq6yxy215MhCi%2F5iptaK9f7T56Y6%2BSRovhD31fjkOqQeq8txshYonhGp1NAJh7ts5L0Z9ZK5Jvf1yNdOYRNNHiNK%2FL8rbr9eSaIWA%3D%3D","environmentVariables":{"FIREBASE_CONFIG":"{\"projectId\":\"ecogrowth-journal\",\"databaseURL\":\"https://ecogrowth-journal-default-rtdb.europe-west1.firebasedatabase.app\",\"storageBucket\":\"ecogrowth-journal.firebasestorage.app\"}","GCLOUD_PROJECT":"ecogrowth-journal","EVENTARC_CLOUD_EVENT_SOURCE":"projects/ecogrowth-journal/locations/europe-west1/functions/onIncidentCreated"},"runtime":"nodejs20","buildId":"66c843d2-08c7-4a06-bc68-5e2b12334efa","buildEnvironmentVariables":{"GOOGLE_NODE_RUN_SCRIPTS":""},"buildName":"projects/653160982011/locations/europe-west1/builds/66c843d2-08c7-4a06-bc68-5e2b12334efa","dockerRegistry":"ARTIFACT_REGISTRY","automaticUpdatePolicy":{},"buildServiceAccount":"projects/ecogrowth-journal/serviceAccounts/653160982011-compute@developer.gserviceaccount.com"},"versionId":"5","updateTime":"2026-09-21T12:56:44Z","buildId":"75b0ac1f-62cb-4194-9834-1727de47bbfe","buildName":"projects/653160982011/locations/europe-west1/builds/75b0ac1f-62cb-4194-9834-1727de47bbfe"}}
[debug] [2026-09-21T12:57:11.293Z] [update-default-europe-west1-onIncidentCreated] Retrying task index 0
[debug] [2026-09-21T12:57:11.296Z] Checked if tokens are valid: true, expires at: 1789998674043
[debug] [2026-09-21T12:57:11.296Z] Checked if tokens are valid: true, expires at: 1789998674043
[debug] [2026-09-21T12:57:11.296Z] >>> [apiv2][query] GET https://cloudfunctions.googleapis.com/v1/operations/ZWNvZ3Jvd3RoLWpvdXJuYWwvZXVyb3BlLXdlc3QxL29uSW5jaWRlbnRDcmVhdGVkL3hlelk4VTlsR2JJ [none]
[debug] [2026-09-21T12:57:11.848Z] <<< [apiv2][status] GET https://cloudfunctions.googleapis.com/v1/operations/ZWNvZ3Jvd3RoLWpvdXJuYWwvZXVyb3BlLXdlc3QxL29uSW5jaWRlbnRDcmVhdGVkL3hlelk4VTlsR2JJ 200
[debug] [2026-09-21T12:57:11.848Z] <<< [apiv2][body] GET https://cloudfunctions.googleapis.com/v1/operations/ZWNvZ3Jvd3RoLWpvdXJuYWwvZXVyb3BlLXdlc3QxL29uSW5jaWRlbnRDcmVhdGVkL3hlelk4VTlsR2JJ {"name":"operations/ZWNvZ3Jvd3RoLWpvdXJuYWwvZXVyb3BlLXdlc3QxL29uSW5jaWRlbnRDcmVhdGVkL3hlelk4VTlsR2JJ","metadata":{"@type":"type.googleapis.com/google.cloud.functions.v1.OperationMetadataV1","target":"projects/ecogrowth-journal/locations/europe-west1/functions/onIncidentCreated","type":"UPDATE_FUNCTION","request":{"@type":"type.googleapis.com/google.cloud.functions.v1.CloudFunction","name":"projects/ecogrowth-journal/locations/europe-west1/functions/onIncidentCreated","eventTrigger":{"eventType":"providers/google.firebase.database/eventTypes/ref.create","resource":"projects/_/instances/ecogrowth-journal-default-rtdb/refs/incidents/{incidentId}","service":"firebaseio.com"},"status":"ACTIVE","entryPoint":"onIncidentCreated","updateTime":"2026-09-21T12:54:35.581Z","versionId":"4","labels":{"deployment-tool":"cli-firebase","firebase-functions-hash":"d4b5566d5ad6abba3e89ab70c6d271ba4a23292d"},"sourceUploadUrl":"https://storage.googleapis.com/uploads-36139802032.europe-west1.cloudfunctions.appspot.com/f4133425-ca61-453f-84b6-1ccc81d0a40a.zip?GoogleAccessId=service-653160982011@gcf-admin-robot.iam.gserviceaccount.com&Expires=1789997202&Signature=D4Rq9ieY8Ohlv7uAL8evmuH2%2BVi4lnK%2FBE%2Fpu36gdaK0dblJjQalUDl5UPPhk5YLV5rqyhZisNclADKOBTpB9USziBuJ9Cr1oxXdCQ7RA1AJJjUOXqUA9gckKe3gdW6mBPdqhHOKQomq2IkYTwafvQWbU02aHtWI0QIimnLMA9PeaNImTRUYjCZx86FeY2A7Np3a7KNWB7V1xsN4m29WMGCmznxp9x%2Fhgkk%2FpWW34dnhVSMmGTq6yxy215MhCi%2F5iptaK9f7T56Y6%2BSRovhD31fjkOqQeq8txshYonhGp1NAJh7ts5L0Z9ZK5Jvf1yNdOYRNNHiNK%2FL8rbr9eSaIWA%3D%3D","environmentVariables":{"FIREBASE_CONFIG":"{\"projectId\":\"ecogrowth-journal\",\"databaseURL\":\"https://ecogrowth-journal-default-rtdb.europe-west1.firebasedatabase.app\",\"storageBucket\":\"ecogrowth-journal.firebasestorage.app\"}","GCLOUD_PROJECT":"ecogrowth-journal","EVENTARC_CLOUD_EVENT_SOURCE":"projects/ecogrowth-journal/locations/europe-west1/functions/onIncidentCreated"},"runtime":"nodejs20","buildId":"66c843d2-08c7-4a06-bc68-5e2b12334efa","buildEnvironmentVariables":{"GOOGLE_NODE_RUN_SCRIPTS":""},"buildName":"projects/653160982011/locations/europe-west1/builds/66c843d2-08c7-4a06-bc68-5e2b12334efa","dockerRegistry":"ARTIFACT_REGISTRY","automaticUpdatePolicy":{},"buildServiceAccount":"projects/ecogrowth-journal/serviceAccounts/653160982011-compute@developer.gserviceaccount.com"},"versionId":"5","updateTime":"2026-09-21T12:56:44Z","buildId":"75b0ac1f-62cb-4194-9834-1727de47bbfe","buildName":"projects/653160982011/locations/europe-west1/builds/75b0ac1f-62cb-4194-9834-1727de47bbfe"}}
[debug] [2026-09-21T12:57:21.850Z] [update-default-europe-west1-onIncidentCreated] Retrying task index 0
[debug] [2026-09-21T12:57:21.850Z] Checked if tokens are valid: true, expires at: 1789998674043
[debug] [2026-09-21T12:57:21.850Z] Checked if tokens are valid: true, expires at: 1789998674043
[debug] [2026-09-21T12:57:21.850Z] >>> [apiv2][query] GET https://cloudfunctions.googleapis.com/v1/operations/ZWNvZ3Jvd3RoLWpvdXJuYWwvZXVyb3BlLXdlc3QxL29uSW5jaWRlbnRDcmVhdGVkL3hlelk4VTlsR2JJ [none]
[debug] [2026-09-21T12:57:22.408Z] <<< [apiv2][status] GET https://cloudfunctions.googleapis.com/v1/operations/ZWNvZ3Jvd3RoLWpvdXJuYWwvZXVyb3BlLXdlc3QxL29uSW5jaWRlbnRDcmVhdGVkL3hlelk4VTlsR2JJ 200
[debug] [2026-09-21T12:57:22.408Z] <<< [apiv2][body] GET https://cloudfunctions.googleapis.com/v1/operations/ZWNvZ3Jvd3RoLWpvdXJuYWwvZXVyb3BlLXdlc3QxL29uSW5jaWRlbnRDcmVhdGVkL3hlelk4VTlsR2JJ {"name":"operations/ZWNvZ3Jvd3RoLWpvdXJuYWwvZXVyb3BlLXdlc3QxL29uSW5jaWRlbnRDcmVhdGVkL3hlelk4VTlsR2JJ","metadata":{"@type":"type.googleapis.com/google.cloud.functions.v1.OperationMetadataV1","target":"projects/ecogrowth-journal/locations/europe-west1/functions/onIncidentCreated","type":"UPDATE_FUNCTION","request":{"@type":"type.googleapis.com/google.cloud.functions.v1.CloudFunction","name":"projects/ecogrowth-journal/locations/europe-west1/functions/onIncidentCreated","eventTrigger":{"eventType":"providers/google.firebase.database/eventTypes/ref.create","resource":"projects/_/instances/ecogrowth-journal-default-rtdb/refs/incidents/{incidentId}","service":"firebaseio.com"},"status":"ACTIVE","entryPoint":"onIncidentCreated","updateTime":"2026-09-21T12:54:35.581Z","versionId":"4","labels":{"deployment-tool":"cli-firebase","firebase-functions-hash":"d4b5566d5ad6abba3e89ab70c6d271ba4a23292d"},"sourceUploadUrl":"https://storage.googleapis.com/uploads-36139802032.europe-west1.cloudfunctions.appspot.com/f4133425-ca61-453f-84b6-1ccc81d0a40a.zip?GoogleAccessId=service-653160982011@gcf-admin-robot.iam.gserviceaccount.com&Expires=1789997202&Signature=D4Rq9ieY8Ohlv7uAL8evmuH2%2BVi4lnK%2FBE%2Fpu36gdaK0dblJjQalUDl5UPPhk5YLV5rqyhZisNclADKOBTpB9USziBuJ9Cr1oxXdCQ7RA1AJJjUOXqUA9gckKe3gdW6mBPdqhHOKQomq2IkYTwafvQWbU02aHtWI0QIimnLMA9PeaNImTRUYjCZx86FeY2A7Np3a7KNWB7V1xsN4m29WMGCmznxp9x%2Fhgkk%2FpWW34dnhVSMmGTq6yxy215MhCi%2F5iptaK9f7T56Y6%2BSRovhD31fjkOqQeq8txshYonhGp1NAJh7ts5L0Z9ZK5Jvf1yNdOYRNNHiNK%2FL8rbr9eSaIWA%3D%3D","environmentVariables":{"FIREBASE_CONFIG":"{\"projectId\":\"ecogrowth-journal\",\"databaseURL\":\"https://ecogrowth-journal-default-rtdb.europe-west1.firebasedatabase.app\",\"storageBucket\":\"ecogrowth-journal.firebasestorage.app\"}","GCLOUD_PROJECT":"ecogrowth-journal","EVENTARC_CLOUD_EVENT_SOURCE":"projects/ecogrowth-journal/locations/europe-west1/functions/onIncidentCreated"},"runtime":"nodejs20","buildId":"66c843d2-08c7-4a06-bc68-5e2b12334efa","buildEnvironmentVariables":{"GOOGLE_NODE_RUN_SCRIPTS":""},"buildName":"projects/653160982011/locations/europe-west1/builds/66c843d2-08c7-4a06-bc68-5e2b12334efa","dockerRegistry":"ARTIFACT_REGISTRY","automaticUpdatePolicy":{},"buildServiceAccount":"projects/ecogrowth-journal/serviceAccounts/653160982011-compute@developer.gserviceaccount.com"},"versionId":"5","updateTime":"2026-09-21T12:56:44Z","buildId":"75b0ac1f-62cb-4194-9834-1727de47bbfe","sourceToken":"fac3361a-6a79-45fd-a317-53e921a8bfe1","buildName":"projects/653160982011/locations/europe-west1/builds/75b0ac1f-62cb-4194-9834-1727de47bbfe"}}
[debug] [2026-09-21T12:57:22.408Z] Got source token fac3361a-6a79-45fd-a317-53e921a8bfe1 for region europe-west1
[debug] [2026-09-21T12:57:22.409Z] Checked if tokens are valid: true, expires at: 1789998674043
[debug] [2026-09-21T12:57:22.409Z] Checked if tokens are valid: true, expires at: 1789998674043
[debug] [2026-09-21T12:57:22.409Z] >>> [apiv2][query] PATCH https://cloudfunctions.googleapis.com/v1/projects/ecogrowth-journal/locations/europe-west1/functions/onMediaUploaded updateMask=name%2CsourceUploadUrl%2CentryPoint%2Cruntime%2CdockerRegistry%2Clabels%2CeventTrigger.eventType%2CeventTrigger.resource%2CeventTrigger.failurePolicy%2CminInstances%2CmaxInstances%2CingressSettings%2CenvironmentVariables%2CserviceAccountEmail%2CavailableMemoryMb%2Ctimeout%2CvpcConnector%2CvpcConnectorEgressSettings%2CsourceToken%2CbuildEnvironmentVariables
[debug] [2026-09-21T12:57:22.409Z] >>> [apiv2][body] PATCH https://cloudfunctions.googleapis.com/v1/projects/ecogrowth-journal/locations/europe-west1/functions/onMediaUploaded {"name":"projects/ecogrowth-journal/locations/europe-west1/functions/onMediaUploaded","sourceUploadUrl":"https://storage.googleapis.com/uploads-36139802032.europe-west1.cloudfunctions.appspot.com/f4133425-ca61-453f-84b6-1ccc81d0a40a.zip?GoogleAccessId=service-653160982011@gcf-admin-robot.iam.gserviceaccount.com&Expires=1789997202&Signature=D4Rq9ieY8Ohlv7uAL8evmuH2%2BVi4lnK%2FBE%2Fpu36gdaK0dblJjQalUDl5UPPhk5YLV5rqyhZisNclADKOBTpB9USziBuJ9Cr1oxXdCQ7RA1AJJjUOXqUA9gckKe3gdW6mBPdqhHOKQomq2IkYTwafvQWbU02aHtWI0QIimnLMA9PeaNImTRUYjCZx86FeY2A7Np3a7KNWB7V1xsN4m29WMGCmznxp9x%2Fhgkk%2FpWW34dnhVSMmGTq6yxy215MhCi%2F5iptaK9f7T56Y6%2BSRovhD31fjkOqQeq8txshYonhGp1NAJh7ts5L0Z9ZK5Jvf1yNdOYRNNHiNK%2FL8rbr9eSaIWA%3D%3D","entryPoint":"onMediaUploaded","runtime":"nodejs20","dockerRegistry":"ARTIFACT_REGISTRY","labels":{"deployment-tool":"cli-firebase","firebase-functions-hash":"d4b5566d5ad6abba3e89ab70c6d271ba4a23292d"},"eventTrigger":{"eventType":"google.storage.object.finalize","resource":"projects/_/buckets/antijj-dev.appspot.com"},"minInstances":null,"maxInstances":null,"ingressSettings":null,"environmentVariables":{"FIREBASE_CONFIG":"{\"projectId\":\"ecogrowth-journal\",\"databaseURL\":\"https://ecogrowth-journal-default-rtdb.europe-west1.firebasedatabase.app\",\"storageBucket\":\"ecogrowth-journal.firebasestorage.app\"}","GCLOUD_PROJECT":"ecogrowth-journal","EVENTARC_CLOUD_EVENT_SOURCE":"projects/ecogrowth-journal/locations/europe-west1/functions/onMediaUploaded"},"serviceAccountEmail":null,"availableMemoryMb":null,"timeout":null,"vpcConnector":null,"vpcConnectorEgressSettings":null,"sourceToken":"fac3361a-6a79-45fd-a317-53e921a8bfe1","buildEnvironmentVariables":{"GOOGLE_NODE_RUN_SCRIPTS":""}}
[debug] [2026-09-21T12:57:23.125Z] <<< [apiv2][status] PATCH https://cloudfunctions.googleapis.com/v1/projects/ecogrowth-journal/locations/europe-west1/functions/onMediaUploaded 200
[debug] [2026-09-21T12:57:23.125Z] <<< [apiv2][body] PATCH https://cloudfunctions.googleapis.com/v1/projects/ecogrowth-journal/locations/europe-west1/functions/onMediaUploaded {"name":"operations/ZWNvZ3Jvd3RoLWpvdXJuYWwvZXVyb3BlLXdlc3QxL29uTWVkaWFVcGxvYWRlZC8zTVdQUGNsQXFOdw","metadata":{"@type":"type.googleapis.com/google.cloud.functions.v1.OperationMetadataV1","target":"projects/ecogrowth-journal/locations/europe-west1/functions/onMediaUploaded","type":"UPDATE_FUNCTION","request":{"@type":"type.googleapis.com/google.cloud.functions.v1.CloudFunction","name":"projects/ecogrowth-journal/locations/europe-west1/functions/onMediaUploaded","eventTrigger":{"eventType":"google.storage.object.finalize","resource":"projects/_/buckets/antijj-dev.appspot.com","service":"storage.googleapis.com"},"status":"UNKNOWN","entryPoint":"onMediaUploaded","updateTime":"2026-09-21T12:52:44.613Z","versionId":"3","labels":{"deployment-tool":"cli-firebase","firebase-functions-hash":"d4b5566d5ad6abba3e89ab70c6d271ba4a23292d"},"sourceUploadUrl":"https://storage.googleapis.com/uploads-36139802032.europe-west1.cloudfunctions.appspot.com/f4133425-ca61-453f-84b6-1ccc81d0a40a.zip?GoogleAccessId=service-653160982011@gcf-admin-robot.iam.gserviceaccount.com&Expires=1789997202&Signature=D4Rq9ieY8Ohlv7uAL8evmuH2%2BVi4lnK%2FBE%2Fpu36gdaK0dblJjQalUDl5UPPhk5YLV5rqyhZisNclADKOBTpB9USziBuJ9Cr1oxXdCQ7RA1AJJjUOXqUA9gckKe3gdW6mBPdqhHOKQomq2IkYTwafvQWbU02aHtWI0QIimnLMA9PeaNImTRUYjCZx86FeY2A7Np3a7KNWB7V1xsN4m29WMGCmznxp9x%2Fhgkk%2FpWW34dnhVSMmGTq6yxy215MhCi%2F5iptaK9f7T56Y6%2BSRovhD31fjkOqQeq8txshYonhGp1NAJh7ts5L0Z9ZK5Jvf1yNdOYRNNHiNK%2FL8rbr9eSaIWA%3D%3D","environmentVariables":{"FIREBASE_CONFIG":"{\"projectId\":\"ecogrowth-journal\",\"databaseURL\":\"https://ecogrowth-journal-default-rtdb.europe-west1.firebasedatabase.app\",\"storageBucket\":\"ecogrowth-journal.firebasestorage.app\"}","GCLOUD_PROJECT":"ecogrowth-journal","EVENTARC_CLOUD_EVENT_SOURCE":"projects/ecogrowth-journal/locations/europe-west1/functions/onMediaUploaded"},"runtime":"nodejs20","buildId":"1528a498-a0f6-4894-9f08-ab4ef2ff26e2","buildEnvironmentVariables":{"GOOGLE_NODE_RUN_SCRIPTS":""},"sourceToken":"fac3361a-6a79-45fd-a317-53e921a8bfe1","buildName":"projects/653160982011/locations/europe-west1/builds/1528a498-a0f6-4894-9f08-ab4ef2ff26e2","dockerRegistry":"ARTIFACT_REGISTRY","automaticUpdatePolicy":{},"buildServiceAccount":"projects/ecogrowth-journal/serviceAccounts/653160982011-compute@developer.gserviceaccount.com"},"versionId":"4","updateTime":"2026-09-21T12:57:23Z","sourceToken":"fac3361a-6a79-45fd-a317-53e921a8bfe1"}}
[debug] [2026-09-21T12:57:23.126Z] Checked if tokens are valid: true, expires at: 1789998674043
[debug] [2026-09-21T12:57:23.126Z] Checked if tokens are valid: true, expires at: 1789998674043
[debug] [2026-09-21T12:57:23.126Z] >>> [apiv2][query] GET https://cloudfunctions.googleapis.com/v1/operations/ZWNvZ3Jvd3RoLWpvdXJuYWwvZXVyb3BlLXdlc3QxL29uTWVkaWFVcGxvYWRlZC8zTVdQUGNsQXFOdw [none]
[debug] [2026-09-21T12:57:23.377Z] <<< [apiv2][status] GET https://cloudfunctions.googleapis.com/v1/operations/ZWNvZ3Jvd3RoLWpvdXJuYWwvZXVyb3BlLXdlc3QxL29uTWVkaWFVcGxvYWRlZC8zTVdQUGNsQXFOdw 200
[debug] [2026-09-21T12:57:23.378Z] <<< [apiv2][body] GET https://cloudfunctions.googleapis.com/v1/operations/ZWNvZ3Jvd3RoLWpvdXJuYWwvZXVyb3BlLXdlc3QxL29uTWVkaWFVcGxvYWRlZC8zTVdQUGNsQXFOdw {"name":"operations/ZWNvZ3Jvd3RoLWpvdXJuYWwvZXVyb3BlLXdlc3QxL29uTWVkaWFVcGxvYWRlZC8zTVdQUGNsQXFOdw","metadata":{"@type":"type.googleapis.com/google.cloud.functions.v1.OperationMetadataV1","target":"projects/ecogrowth-journal/locations/europe-west1/functions/onMediaUploaded","type":"UPDATE_FUNCTION","request":{"@type":"type.googleapis.com/google.cloud.functions.v1.CloudFunction","name":"projects/ecogrowth-journal/locations/europe-west1/functions/onMediaUploaded","eventTrigger":{"eventType":"google.storage.object.finalize","resource":"projects/_/buckets/antijj-dev.appspot.com","service":"storage.googleapis.com"},"status":"UNKNOWN","entryPoint":"onMediaUploaded","updateTime":"2026-09-21T12:52:44.613Z","versionId":"3","labels":{"deployment-tool":"cli-firebase","firebase-functions-hash":"d4b5566d5ad6abba3e89ab70c6d271ba4a23292d"},"sourceUploadUrl":"https://storage.googleapis.com/uploads-36139802032.europe-west1.cloudfunctions.appspot.com/f4133425-ca61-453f-84b6-1ccc81d0a40a.zip?GoogleAccessId=service-653160982011@gcf-admin-robot.iam.gserviceaccount.com&Expires=1789997202&Signature=D4Rq9ieY8Ohlv7uAL8evmuH2%2BVi4lnK%2FBE%2Fpu36gdaK0dblJjQalUDl5UPPhk5YLV5rqyhZisNclADKOBTpB9USziBuJ9Cr1oxXdCQ7RA1AJJjUOXqUA9gckKe3gdW6mBPdqhHOKQomq2IkYTwafvQWbU02aHtWI0QIimnLMA9PeaNImTRUYjCZx86FeY2A7Np3a7KNWB7V1xsN4m29WMGCmznxp9x%2Fhgkk%2FpWW34dnhVSMmGTq6yxy215MhCi%2F5iptaK9f7T56Y6%2BSRovhD31fjkOqQeq8txshYonhGp1NAJh7ts5L0Z9ZK5Jvf1yNdOYRNNHiNK%2FL8rbr9eSaIWA%3D%3D","environmentVariables":{"FIREBASE_CONFIG":"{\"projectId\":\"ecogrowth-journal\",\"databaseURL\":\"https://ecogrowth-journal-default-rtdb.europe-west1.firebasedatabase.app\",\"storageBucket\":\"ecogrowth-journal.firebasestorage.app\"}","GCLOUD_PROJECT":"ecogrowth-journal","EVENTARC_CLOUD_EVENT_SOURCE":"projects/ecogrowth-journal/locations/europe-west1/functions/onMediaUploaded"},"runtime":"nodejs20","buildId":"1528a498-a0f6-4894-9f08-ab4ef2ff26e2","buildEnvironmentVariables":{"GOOGLE_NODE_RUN_SCRIPTS":""},"sourceToken":"fac3361a-6a79-45fd-a317-53e921a8bfe1","buildName":"projects/653160982011/locations/europe-west1/builds/1528a498-a0f6-4894-9f08-ab4ef2ff26e2","dockerRegistry":"ARTIFACT_REGISTRY","automaticUpdatePolicy":{},"buildServiceAccount":"projects/ecogrowth-journal/serviceAccounts/653160982011-compute@developer.gserviceaccount.com"},"versionId":"4","updateTime":"2026-09-21T12:57:23Z","sourceToken":"fac3361a-6a79-45fd-a317-53e921a8bfe1"}}
[debug] [2026-09-21T12:57:23.378Z] Got source token fac3361a-6a79-45fd-a317-53e921a8bfe1 for region europe-west1
[debug] [2026-09-21T12:57:23.879Z] [update-default-europe-west1-onMediaUploaded] Retrying task index 0
[debug] [2026-09-21T12:57:23.880Z] Checked if tokens are valid: true, expires at: 1789998674043
[debug] [2026-09-21T12:57:23.880Z] Checked if tokens are valid: true, expires at: 1789998674043
[debug] [2026-09-21T12:57:23.880Z] >>> [apiv2][query] GET https://cloudfunctions.googleapis.com/v1/operations/ZWNvZ3Jvd3RoLWpvdXJuYWwvZXVyb3BlLXdlc3QxL29uTWVkaWFVcGxvYWRlZC8zTVdQUGNsQXFOdw [none]
[debug] [2026-09-21T12:57:24.145Z] <<< [apiv2][status] GET https://cloudfunctions.googleapis.com/v1/operations/ZWNvZ3Jvd3RoLWpvdXJuYWwvZXVyb3BlLXdlc3QxL29uTWVkaWFVcGxvYWRlZC8zTVdQUGNsQXFOdw 200
[debug] [2026-09-21T12:57:24.145Z] <<< [apiv2][body] GET https://cloudfunctions.googleapis.com/v1/operations/ZWNvZ3Jvd3RoLWpvdXJuYWwvZXVyb3BlLXdlc3QxL29uTWVkaWFVcGxvYWRlZC8zTVdQUGNsQXFOdw {"name":"operations/ZWNvZ3Jvd3RoLWpvdXJuYWwvZXVyb3BlLXdlc3QxL29uTWVkaWFVcGxvYWRlZC8zTVdQUGNsQXFOdw","metadata":{"@type":"type.googleapis.com/google.cloud.functions.v1.OperationMetadataV1","target":"projects/ecogrowth-journal/locations/europe-west1/functions/onMediaUploaded","type":"UPDATE_FUNCTION","request":{"@type":"type.googleapis.com/google.cloud.functions.v1.CloudFunction","name":"projects/ecogrowth-journal/locations/europe-west1/functions/onMediaUploaded","eventTrigger":{"eventType":"google.storage.object.finalize","resource":"projects/_/buckets/antijj-dev.appspot.com","service":"storage.googleapis.com"},"status":"UNKNOWN","entryPoint":"onMediaUploaded","updateTime":"2026-09-21T12:52:44.613Z","versionId":"3","labels":{"deployment-tool":"cli-firebase","firebase-functions-hash":"d4b5566d5ad6abba3e89ab70c6d271ba4a23292d"},"sourceUploadUrl":"https://storage.googleapis.com/uploads-36139802032.europe-west1.cloudfunctions.appspot.com/f4133425-ca61-453f-84b6-1ccc81d0a40a.zip?GoogleAccessId=service-653160982011@gcf-admin-robot.iam.gserviceaccount.com&Expires=1789997202&Signature=D4Rq9ieY8Ohlv7uAL8evmuH2%2BVi4lnK%2FBE%2Fpu36gdaK0dblJjQalUDl5UPPhk5YLV5rqyhZisNclADKOBTpB9USziBuJ9Cr1oxXdCQ7RA1AJJjUOXqUA9gckKe3gdW6mBPdqhHOKQomq2IkYTwafvQWbU02aHtWI0QIimnLMA9PeaNImTRUYjCZx86FeY2A7Np3a7KNWB7V1xsN4m29WMGCmznxp9x%2Fhgkk%2FpWW34dnhVSMmGTq6yxy215MhCi%2F5iptaK9f7T56Y6%2BSRovhD31fjkOqQeq8txshYonhGp1NAJh7ts5L0Z9ZK5Jvf1yNdOYRNNHiNK%2FL8rbr9eSaIWA%3D%3D","environmentVariables":{"FIREBASE_CONFIG":"{\"projectId\":\"ecogrowth-journal\",\"databaseURL\":\"https://ecogrowth-journal-default-rtdb.europe-west1.firebasedatabase.app\",\"storageBucket\":\"ecogrowth-journal.firebasestorage.app\"}","GCLOUD_PROJECT":"ecogrowth-journal","EVENTARC_CLOUD_EVENT_SOURCE":"projects/ecogrowth-journal/locations/europe-west1/functions/onMediaUploaded"},"runtime":"nodejs20","buildId":"1528a498-a0f6-4894-9f08-ab4ef2ff26e2","buildEnvironmentVariables":{"GOOGLE_NODE_RUN_SCRIPTS":""},"sourceToken":"fac3361a-6a79-45fd-a317-53e921a8bfe1","buildName":"projects/653160982011/locations/europe-west1/builds/1528a498-a0f6-4894-9f08-ab4ef2ff26e2","dockerRegistry":"ARTIFACT_REGISTRY","automaticUpdatePolicy":{},"buildServiceAccount":"projects/ecogrowth-journal/serviceAccounts/653160982011-compute@developer.gserviceaccount.com"},"versionId":"4","updateTime":"2026-09-21T12:57:23Z","sourceToken":"fac3361a-6a79-45fd-a317-53e921a8bfe1"}}
[debug] [2026-09-21T12:57:24.145Z] Got source token fac3361a-6a79-45fd-a317-53e921a8bfe1 for region europe-west1
[debug] [2026-09-21T12:57:25.147Z] [update-default-europe-west1-onMediaUploaded] Retrying task index 0
[debug] [2026-09-21T12:57:25.147Z] Checked if tokens are valid: true, expires at: 1789998674043
[debug] [2026-09-21T12:57:25.148Z] Checked if tokens are valid: true, expires at: 1789998674043
[debug] [2026-09-21T12:57:25.148Z] >>> [apiv2][query] GET https://cloudfunctions.googleapis.com/v1/operations/ZWNvZ3Jvd3RoLWpvdXJuYWwvZXVyb3BlLXdlc3QxL29uTWVkaWFVcGxvYWRlZC8zTVdQUGNsQXFOdw [none]
[debug] [2026-09-21T12:57:25.398Z] <<< [apiv2][status] GET https://cloudfunctions.googleapis.com/v1/operations/ZWNvZ3Jvd3RoLWpvdXJuYWwvZXVyb3BlLXdlc3QxL29uTWVkaWFVcGxvYWRlZC8zTVdQUGNsQXFOdw 200
[debug] [2026-09-21T12:57:25.398Z] <<< [apiv2][body] GET https://cloudfunctions.googleapis.com/v1/operations/ZWNvZ3Jvd3RoLWpvdXJuYWwvZXVyb3BlLXdlc3QxL29uTWVkaWFVcGxvYWRlZC8zTVdQUGNsQXFOdw {"name":"operations/ZWNvZ3Jvd3RoLWpvdXJuYWwvZXVyb3BlLXdlc3QxL29uTWVkaWFVcGxvYWRlZC8zTVdQUGNsQXFOdw","metadata":{"@type":"type.googleapis.com/google.cloud.functions.v1.OperationMetadataV1","target":"projects/ecogrowth-journal/locations/europe-west1/functions/onMediaUploaded","type":"UPDATE_FUNCTION","request":{"@type":"type.googleapis.com/google.cloud.functions.v1.CloudFunction","name":"projects/ecogrowth-journal/locations/europe-west1/functions/onMediaUploaded","eventTrigger":{"eventType":"google.storage.object.finalize","resource":"projects/_/buckets/antijj-dev.appspot.com","service":"storage.googleapis.com"},"status":"UNKNOWN","entryPoint":"onMediaUploaded","updateTime":"2026-09-21T12:52:44.613Z","versionId":"3","labels":{"deployment-tool":"cli-firebase","firebase-functions-hash":"d4b5566d5ad6abba3e89ab70c6d271ba4a23292d"},"sourceUploadUrl":"https://storage.googleapis.com/uploads-36139802032.europe-west1.cloudfunctions.appspot.com/f4133425-ca61-453f-84b6-1ccc81d0a40a.zip?GoogleAccessId=service-653160982011@gcf-admin-robot.iam.gserviceaccount.com&Expires=1789997202&Signature=D4Rq9ieY8Ohlv7uAL8evmuH2%2BVi4lnK%2FBE%2Fpu36gdaK0dblJjQalUDl5UPPhk5YLV5rqyhZisNclADKOBTpB9USziBuJ9Cr1oxXdCQ7RA1AJJjUOXqUA9gckKe3gdW6mBPdqhHOKQomq2IkYTwafvQWbU02aHtWI0QIimnLMA9PeaNImTRUYjCZx86FeY2A7Np3a7KNWB7V1xsN4m29WMGCmznxp9x%2Fhgkk%2FpWW34dnhVSMmGTq6yxy215MhCi%2F5iptaK9f7T56Y6%2BSRovhD31fjkOqQeq8txshYonhGp1NAJh7ts5L0Z9ZK5Jvf1yNdOYRNNHiNK%2FL8rbr9eSaIWA%3D%3D","environmentVariables":{"FIREBASE_CONFIG":"{\"projectId\":\"ecogrowth-journal\",\"databaseURL\":\"https://ecogrowth-journal-default-rtdb.europe-west1.firebasedatabase.app\",\"storageBucket\":\"ecogrowth-journal.firebasestorage.app\"}","GCLOUD_PROJECT":"ecogrowth-journal","EVENTARC_CLOUD_EVENT_SOURCE":"projects/ecogrowth-journal/locations/europe-west1/functions/onMediaUploaded"},"runtime":"nodejs20","buildId":"1528a498-a0f6-4894-9f08-ab4ef2ff26e2","buildEnvironmentVariables":{"GOOGLE_NODE_RUN_SCRIPTS":""},"sourceToken":"fac3361a-6a79-45fd-a317-53e921a8bfe1","buildName":"projects/653160982011/locations/europe-west1/builds/1528a498-a0f6-4894-9f08-ab4ef2ff26e2","dockerRegistry":"ARTIFACT_REGISTRY","automaticUpdatePolicy":{},"buildServiceAccount":"projects/ecogrowth-journal/serviceAccounts/653160982011-compute@developer.gserviceaccount.com"},"versionId":"4","updateTime":"2026-09-21T12:57:23Z","buildId":"75b0ac1f-62cb-4194-9834-1727de47bbfe","sourceToken":"fac3361a-6a79-45fd-a317-53e921a8bfe1","buildName":"projects/653160982011/locations/europe-west1/builds/75b0ac1f-62cb-4194-9834-1727de47bbfe"}}
[debug] [2026-09-21T12:57:25.398Z] Got source token fac3361a-6a79-45fd-a317-53e921a8bfe1 for region europe-west1
[debug] [2026-09-21T12:57:27.399Z] [update-default-europe-west1-onMediaUploaded] Retrying task index 0
[debug] [2026-09-21T12:57:27.400Z] Checked if tokens are valid: true, expires at: 1789998674043
[debug] [2026-09-21T12:57:27.400Z] Checked if tokens are valid: true, expires at: 1789998674043
[debug] [2026-09-21T12:57:27.400Z] >>> [apiv2][query] GET https://cloudfunctions.googleapis.com/v1/operations/ZWNvZ3Jvd3RoLWpvdXJuYWwvZXVyb3BlLXdlc3QxL29uTWVkaWFVcGxvYWRlZC8zTVdQUGNsQXFOdw [none]
[debug] [2026-09-21T12:57:27.660Z] <<< [apiv2][status] GET https://cloudfunctions.googleapis.com/v1/operations/ZWNvZ3Jvd3RoLWpvdXJuYWwvZXVyb3BlLXdlc3QxL29uTWVkaWFVcGxvYWRlZC8zTVdQUGNsQXFOdw 200
[debug] [2026-09-21T12:57:27.660Z] <<< [apiv2][body] GET https://cloudfunctions.googleapis.com/v1/operations/ZWNvZ3Jvd3RoLWpvdXJuYWwvZXVyb3BlLXdlc3QxL29uTWVkaWFVcGxvYWRlZC8zTVdQUGNsQXFOdw {"name":"operations/ZWNvZ3Jvd3RoLWpvdXJuYWwvZXVyb3BlLXdlc3QxL29uTWVkaWFVcGxvYWRlZC8zTVdQUGNsQXFOdw","metadata":{"@type":"type.googleapis.com/google.cloud.functions.v1.OperationMetadataV1","target":"projects/ecogrowth-journal/locations/europe-west1/functions/onMediaUploaded","type":"UPDATE_FUNCTION","request":{"@type":"type.googleapis.com/google.cloud.functions.v1.CloudFunction","name":"projects/ecogrowth-journal/locations/europe-west1/functions/onMediaUploaded","eventTrigger":{"eventType":"google.storage.object.finalize","resource":"projects/_/buckets/antijj-dev.appspot.com","service":"storage.googleapis.com"},"status":"UNKNOWN","entryPoint":"onMediaUploaded","updateTime":"2026-09-21T12:52:44.613Z","versionId":"3","labels":{"deployment-tool":"cli-firebase","firebase-functions-hash":"d4b5566d5ad6abba3e89ab70c6d271ba4a23292d"},"sourceUploadUrl":"https://storage.googleapis.com/uploads-36139802032.europe-west1.cloudfunctions.appspot.com/f4133425-ca61-453f-84b6-1ccc81d0a40a.zip?GoogleAccessId=service-653160982011@gcf-admin-robot.iam.gserviceaccount.com&Expires=1789997202&Signature=D4Rq9ieY8Ohlv7uAL8evmuH2%2BVi4lnK%2FBE%2Fpu36gdaK0dblJjQalUDl5UPPhk5YLV5rqyhZisNclADKOBTpB9USziBuJ9Cr1oxXdCQ7RA1AJJjUOXqUA9gckKe3gdW6mBPdqhHOKQomq2IkYTwafvQWbU02aHtWI0QIimnLMA9PeaNImTRUYjCZx86FeY2A7Np3a7KNWB7V1xsN4m29WMGCmznxp9x%2Fhgkk%2FpWW34dnhVSMmGTq6yxy215MhCi%2F5iptaK9f7T56Y6%2BSRovhD31fjkOqQeq8txshYonhGp1NAJh7ts5L0Z9ZK5Jvf1yNdOYRNNHiNK%2FL8rbr9eSaIWA%3D%3D","environmentVariables":{"FIREBASE_CONFIG":"{\"projectId\":\"ecogrowth-journal\",\"databaseURL\":\"https://ecogrowth-journal-default-rtdb.europe-west1.firebasedatabase.app\",\"storageBucket\":\"ecogrowth-journal.firebasestorage.app\"}","GCLOUD_PROJECT":"ecogrowth-journal","EVENTARC_CLOUD_EVENT_SOURCE":"projects/ecogrowth-journal/locations/europe-west1/functions/onMediaUploaded"},"runtime":"nodejs20","buildId":"1528a498-a0f6-4894-9f08-ab4ef2ff26e2","buildEnvironmentVariables":{"GOOGLE_NODE_RUN_SCRIPTS":""},"sourceToken":"fac3361a-6a79-45fd-a317-53e921a8bfe1","buildName":"projects/653160982011/locations/europe-west1/builds/1528a498-a0f6-4894-9f08-ab4ef2ff26e2","dockerRegistry":"ARTIFACT_REGISTRY","automaticUpdatePolicy":{},"buildServiceAccount":"projects/ecogrowth-journal/serviceAccounts/653160982011-compute@developer.gserviceaccount.com"},"versionId":"4","updateTime":"2026-09-21T12:57:23Z","buildId":"75b0ac1f-62cb-4194-9834-1727de47bbfe","sourceToken":"fac3361a-6a79-45fd-a317-53e921a8bfe1","buildName":"projects/653160982011/locations/europe-west1/builds/75b0ac1f-62cb-4194-9834-1727de47bbfe"}}
[debug] [2026-09-21T12:57:27.660Z] Got source token fac3361a-6a79-45fd-a317-53e921a8bfe1 for region europe-west1
[debug] [2026-09-21T12:57:31.662Z] [update-default-europe-west1-onMediaUploaded] Retrying task index 0
[debug] [2026-09-21T12:57:31.662Z] Checked if tokens are valid: true, expires at: 1789998674043
[debug] [2026-09-21T12:57:31.662Z] Checked if tokens are valid: true, expires at: 1789998674043
[debug] [2026-09-21T12:57:31.663Z] >>> [apiv2][query] GET https://cloudfunctions.googleapis.com/v1/operations/ZWNvZ3Jvd3RoLWpvdXJuYWwvZXVyb3BlLXdlc3QxL29uTWVkaWFVcGxvYWRlZC8zTVdQUGNsQXFOdw [none]
[debug] [2026-09-21T12:57:32.240Z] <<< [apiv2][status] GET https://cloudfunctions.googleapis.com/v1/operations/ZWNvZ3Jvd3RoLWpvdXJuYWwvZXVyb3BlLXdlc3QxL29uTWVkaWFVcGxvYWRlZC8zTVdQUGNsQXFOdw 200
[debug] [2026-09-21T12:57:32.240Z] <<< [apiv2][body] GET https://cloudfunctions.googleapis.com/v1/operations/ZWNvZ3Jvd3RoLWpvdXJuYWwvZXVyb3BlLXdlc3QxL29uTWVkaWFVcGxvYWRlZC8zTVdQUGNsQXFOdw {"name":"operations/ZWNvZ3Jvd3RoLWpvdXJuYWwvZXVyb3BlLXdlc3QxL29uTWVkaWFVcGxvYWRlZC8zTVdQUGNsQXFOdw","metadata":{"@type":"type.googleapis.com/google.cloud.functions.v1.OperationMetadataV1","target":"projects/ecogrowth-journal/locations/europe-west1/functions/onMediaUploaded","type":"UPDATE_FUNCTION","request":{"@type":"type.googleapis.com/google.cloud.functions.v1.CloudFunction","name":"projects/ecogrowth-journal/locations/europe-west1/functions/onMediaUploaded","eventTrigger":{"eventType":"google.storage.object.finalize","resource":"projects/_/buckets/antijj-dev.appspot.com","service":"storage.googleapis.com"},"status":"UNKNOWN","entryPoint":"onMediaUploaded","updateTime":"2026-09-21T12:52:44.613Z","versionId":"3","labels":{"deployment-tool":"cli-firebase","firebase-functions-hash":"d4b5566d5ad6abba3e89ab70c6d271ba4a23292d"},"sourceUploadUrl":"https://storage.googleapis.com/uploads-36139802032.europe-west1.cloudfunctions.appspot.com/f4133425-ca61-453f-84b6-1ccc81d0a40a.zip?GoogleAccessId=service-653160982011@gcf-admin-robot.iam.gserviceaccount.com&Expires=1789997202&Signature=D4Rq9ieY8Ohlv7uAL8evmuH2%2BVi4lnK%2FBE%2Fpu36gdaK0dblJjQalUDl5UPPhk5YLV5rqyhZisNclADKOBTpB9USziBuJ9Cr1oxXdCQ7RA1AJJjUOXqUA9gckKe3gdW6mBPdqhHOKQomq2IkYTwafvQWbU02aHtWI0QIimnLMA9PeaNImTRUYjCZx86FeY2A7Np3a7KNWB7V1xsN4m29WMGCmznxp9x%2Fhgkk%2FpWW34dnhVSMmGTq6yxy215MhCi%2F5iptaK9f7T56Y6%2BSRovhD31fjkOqQeq8txshYonhGp1NAJh7ts5L0Z9ZK5Jvf1yNdOYRNNHiNK%2FL8rbr9eSaIWA%3D%3D","environmentVariables":{"FIREBASE_CONFIG":"{\"projectId\":\"ecogrowth-journal\",\"databaseURL\":\"https://ecogrowth-journal-default-rtdb.europe-west1.firebasedatabase.app\",\"storageBucket\":\"ecogrowth-journal.firebasestorage.app\"}","GCLOUD_PROJECT":"ecogrowth-journal","EVENTARC_CLOUD_EVENT_SOURCE":"projects/ecogrowth-journal/locations/europe-west1/functions/onMediaUploaded"},"runtime":"nodejs20","buildId":"1528a498-a0f6-4894-9f08-ab4ef2ff26e2","buildEnvironmentVariables":{"GOOGLE_NODE_RUN_SCRIPTS":""},"sourceToken":"fac3361a-6a79-45fd-a317-53e921a8bfe1","buildName":"projects/653160982011/locations/europe-west1/builds/1528a498-a0f6-4894-9f08-ab4ef2ff26e2","dockerRegistry":"ARTIFACT_REGISTRY","automaticUpdatePolicy":{},"buildServiceAccount":"projects/ecogrowth-journal/serviceAccounts/653160982011-compute@developer.gserviceaccount.com"},"versionId":"4","updateTime":"2026-09-21T12:57:23Z","buildId":"75b0ac1f-62cb-4194-9834-1727de47bbfe","sourceToken":"fac3361a-6a79-45fd-a317-53e921a8bfe1","buildName":"projects/653160982011/locations/europe-west1/builds/75b0ac1f-62cb-4194-9834-1727de47bbfe"}}
[debug] [2026-09-21T12:57:32.240Z] Got source token fac3361a-6a79-45fd-a317-53e921a8bfe1 for region europe-west1
[debug] [2026-09-21T12:57:32.410Z] [update-default-europe-west1-onIncidentCreated] Retrying task index 0
[debug] [2026-09-21T12:57:32.410Z] Checked if tokens are valid: true, expires at: 1789998674043
[debug] [2026-09-21T12:57:32.410Z] Checked if tokens are valid: true, expires at: 1789998674043
[debug] [2026-09-21T12:57:32.410Z] >>> [apiv2][query] GET https://cloudfunctions.googleapis.com/v1/operations/ZWNvZ3Jvd3RoLWpvdXJuYWwvZXVyb3BlLXdlc3QxL29uSW5jaWRlbnRDcmVhdGVkL3hlelk4VTlsR2JJ [none]
[debug] [2026-09-21T12:57:32.669Z] <<< [apiv2][status] GET https://cloudfunctions.googleapis.com/v1/operations/ZWNvZ3Jvd3RoLWpvdXJuYWwvZXVyb3BlLXdlc3QxL29uSW5jaWRlbnRDcmVhdGVkL3hlelk4VTlsR2JJ 200
[debug] [2026-09-21T12:57:32.669Z] <<< [apiv2][body] GET https://cloudfunctions.googleapis.com/v1/operations/ZWNvZ3Jvd3RoLWpvdXJuYWwvZXVyb3BlLXdlc3QxL29uSW5jaWRlbnRDcmVhdGVkL3hlelk4VTlsR2JJ {"name":"operations/ZWNvZ3Jvd3RoLWpvdXJuYWwvZXVyb3BlLXdlc3QxL29uSW5jaWRlbnRDcmVhdGVkL3hlelk4VTlsR2JJ","metadata":{"@type":"type.googleapis.com/google.cloud.functions.v1.OperationMetadataV1","target":"projects/ecogrowth-journal/locations/europe-west1/functions/onIncidentCreated","type":"UPDATE_FUNCTION","request":{"@type":"type.googleapis.com/google.cloud.functions.v1.CloudFunction","name":"projects/ecogrowth-journal/locations/europe-west1/functions/onIncidentCreated","eventTrigger":{"eventType":"providers/google.firebase.database/eventTypes/ref.create","resource":"projects/_/instances/ecogrowth-journal-default-rtdb/refs/incidents/{incidentId}","service":"firebaseio.com"},"status":"ACTIVE","entryPoint":"onIncidentCreated","updateTime":"2026-09-21T12:54:35.581Z","versionId":"4","labels":{"deployment-tool":"cli-firebase","firebase-functions-hash":"d4b5566d5ad6abba3e89ab70c6d271ba4a23292d"},"sourceUploadUrl":"https://storage.googleapis.com/uploads-36139802032.europe-west1.cloudfunctions.appspot.com/f4133425-ca61-453f-84b6-1ccc81d0a40a.zip?GoogleAccessId=service-653160982011@gcf-admin-robot.iam.gserviceaccount.com&Expires=1789997202&Signature=D4Rq9ieY8Ohlv7uAL8evmuH2%2BVi4lnK%2FBE%2Fpu36gdaK0dblJjQalUDl5UPPhk5YLV5rqyhZisNclADKOBTpB9USziBuJ9Cr1oxXdCQ7RA1AJJjUOXqUA9gckKe3gdW6mBPdqhHOKQomq2IkYTwafvQWbU02aHtWI0QIimnLMA9PeaNImTRUYjCZx86FeY2A7Np3a7KNWB7V1xsN4m29WMGCmznxp9x%2Fhgkk%2FpWW34dnhVSMmGTq6yxy215MhCi%2F5iptaK9f7T56Y6%2BSRovhD31fjkOqQeq8txshYonhGp1NAJh7ts5L0Z9ZK5Jvf1yNdOYRNNHiNK%2FL8rbr9eSaIWA%3D%3D","environmentVariables":{"FIREBASE_CONFIG":"{\"projectId\":\"ecogrowth-journal\",\"databaseURL\":\"https://ecogrowth-journal-default-rtdb.europe-west1.firebasedatabase.app\",\"storageBucket\":\"ecogrowth-journal.firebasestorage.app\"}","GCLOUD_PROJECT":"ecogrowth-journal","EVENTARC_CLOUD_EVENT_SOURCE":"projects/ecogrowth-journal/locations/europe-west1/functions/onIncidentCreated"},"runtime":"nodejs20","buildId":"66c843d2-08c7-4a06-bc68-5e2b12334efa","buildEnvironmentVariables":{"GOOGLE_NODE_RUN_SCRIPTS":""},"buildName":"projects/653160982011/locations/europe-west1/builds/66c843d2-08c7-4a06-bc68-5e2b12334efa","dockerRegistry":"ARTIFACT_REGISTRY","automaticUpdatePolicy":{},"buildServiceAccount":"projects/ecogrowth-journal/serviceAccounts/653160982011-compute@developer.gserviceaccount.com"},"versionId":"5","updateTime":"2026-09-21T12:56:44Z","buildId":"75b0ac1f-62cb-4194-9834-1727de47bbfe","sourceToken":"fac3361a-6a79-45fd-a317-53e921a8bfe1","buildName":"projects/653160982011/locations/europe-west1/builds/75b0ac1f-62cb-4194-9834-1727de47bbfe"}}
[debug] [2026-09-21T12:57:32.670Z] Got source token fac3361a-6a79-45fd-a317-53e921a8bfe1 for region europe-west1
[debug] [2026-09-21T12:57:40.242Z] [update-default-europe-west1-onMediaUploaded] Retrying task index 0
[debug] [2026-09-21T12:57:40.242Z] Checked if tokens are valid: true, expires at: 1789998674043
[debug] [2026-09-21T12:57:40.243Z] Checked if tokens are valid: true, expires at: 1789998674043
[debug] [2026-09-21T12:57:40.243Z] >>> [apiv2][query] GET https://cloudfunctions.googleapis.com/v1/operations/ZWNvZ3Jvd3RoLWpvdXJuYWwvZXVyb3BlLXdlc3QxL29uTWVkaWFVcGxvYWRlZC8zTVdQUGNsQXFOdw [none]
[debug] [2026-09-21T12:57:40.790Z] <<< [apiv2][status] GET https://cloudfunctions.googleapis.com/v1/operations/ZWNvZ3Jvd3RoLWpvdXJuYWwvZXVyb3BlLXdlc3QxL29uTWVkaWFVcGxvYWRlZC8zTVdQUGNsQXFOdw 200
[debug] [2026-09-21T12:57:40.790Z] <<< [apiv2][body] GET https://cloudfunctions.googleapis.com/v1/operations/ZWNvZ3Jvd3RoLWpvdXJuYWwvZXVyb3BlLXdlc3QxL29uTWVkaWFVcGxvYWRlZC8zTVdQUGNsQXFOdw {"name":"operations/ZWNvZ3Jvd3RoLWpvdXJuYWwvZXVyb3BlLXdlc3QxL29uTWVkaWFVcGxvYWRlZC8zTVdQUGNsQXFOdw","metadata":{"@type":"type.googleapis.com/google.cloud.functions.v1.OperationMetadataV1","target":"projects/ecogrowth-journal/locations/europe-west1/functions/onMediaUploaded","type":"UPDATE_FUNCTION","request":{"@type":"type.googleapis.com/google.cloud.functions.v1.CloudFunction","name":"projects/ecogrowth-journal/locations/europe-west1/functions/onMediaUploaded","eventTrigger":{"eventType":"google.storage.object.finalize","resource":"projects/_/buckets/antijj-dev.appspot.com","service":"storage.googleapis.com"},"status":"UNKNOWN","entryPoint":"onMediaUploaded","updateTime":"2026-09-21T12:52:44.613Z","versionId":"3","labels":{"deployment-tool":"cli-firebase","firebase-functions-hash":"d4b5566d5ad6abba3e89ab70c6d271ba4a23292d"},"sourceUploadUrl":"https://storage.googleapis.com/uploads-36139802032.europe-west1.cloudfunctions.appspot.com/f4133425-ca61-453f-84b6-1ccc81d0a40a.zip?GoogleAccessId=service-653160982011@gcf-admin-robot.iam.gserviceaccount.com&Expires=1789997202&Signature=D4Rq9ieY8Ohlv7uAL8evmuH2%2BVi4lnK%2FBE%2Fpu36gdaK0dblJjQalUDl5UPPhk5YLV5rqyhZisNclADKOBTpB9USziBuJ9Cr1oxXdCQ7RA1AJJjUOXqUA9gckKe3gdW6mBPdqhHOKQomq2IkYTwafvQWbU02aHtWI0QIimnLMA9PeaNImTRUYjCZx86FeY2A7Np3a7KNWB7V1xsN4m29WMGCmznxp9x%2Fhgkk%2FpWW34dnhVSMmGTq6yxy215MhCi%2F5iptaK9f7T56Y6%2BSRovhD31fjkOqQeq8txshYonhGp1NAJh7ts5L0Z9ZK5Jvf1yNdOYRNNHiNK%2FL8rbr9eSaIWA%3D%3D","environmentVariables":{"FIREBASE_CONFIG":"{\"projectId\":\"ecogrowth-journal\",\"databaseURL\":\"https://ecogrowth-journal-default-rtdb.europe-west1.firebasedatabase.app\",\"storageBucket\":\"ecogrowth-journal.firebasestorage.app\"}","GCLOUD_PROJECT":"ecogrowth-journal","EVENTARC_CLOUD_EVENT_SOURCE":"projects/ecogrowth-journal/locations/europe-west1/functions/onMediaUploaded"},"runtime":"nodejs20","buildId":"1528a498-a0f6-4894-9f08-ab4ef2ff26e2","buildEnvironmentVariables":{"GOOGLE_NODE_RUN_SCRIPTS":""},"sourceToken":"fac3361a-6a79-45fd-a317-53e921a8bfe1","buildName":"projects/653160982011/locations/europe-west1/builds/1528a498-a0f6-4894-9f08-ab4ef2ff26e2","dockerRegistry":"ARTIFACT_REGISTRY","automaticUpdatePolicy":{},"buildServiceAccount":"projects/ecogrowth-journal/serviceAccounts/653160982011-compute@developer.gserviceaccount.com"},"versionId":"4","updateTime":"2026-09-21T12:57:23Z","buildId":"75b0ac1f-62cb-4194-9834-1727de47bbfe","sourceToken":"fac3361a-6a79-45fd-a317-53e921a8bfe1","buildName":"projects/653160982011/locations/europe-west1/builds/75b0ac1f-62cb-4194-9834-1727de47bbfe"}}
[debug] [2026-09-21T12:57:40.790Z] Got source token fac3361a-6a79-45fd-a317-53e921a8bfe1 for region europe-west1
[debug] [2026-09-21T12:57:42.671Z] [update-default-europe-west1-onIncidentCreated] Retrying task index 0
[debug] [2026-09-21T12:57:42.672Z] Checked if tokens are valid: true, expires at: 1789998674043
[debug] [2026-09-21T12:57:42.672Z] Checked if tokens are valid: true, expires at: 1789998674043
[debug] [2026-09-21T12:57:42.672Z] >>> [apiv2][query] GET https://cloudfunctions.googleapis.com/v1/operations/ZWNvZ3Jvd3RoLWpvdXJuYWwvZXVyb3BlLXdlc3QxL29uSW5jaWRlbnRDcmVhdGVkL3hlelk4VTlsR2JJ [none]
[debug] [2026-09-21T12:57:42.922Z] <<< [apiv2][status] GET https://cloudfunctions.googleapis.com/v1/operations/ZWNvZ3Jvd3RoLWpvdXJuYWwvZXVyb3BlLXdlc3QxL29uSW5jaWRlbnRDcmVhdGVkL3hlelk4VTlsR2JJ 200
[debug] [2026-09-21T12:57:42.922Z] <<< [apiv2][body] GET https://cloudfunctions.googleapis.com/v1/operations/ZWNvZ3Jvd3RoLWpvdXJuYWwvZXVyb3BlLXdlc3QxL29uSW5jaWRlbnRDcmVhdGVkL3hlelk4VTlsR2JJ {"name":"operations/ZWNvZ3Jvd3RoLWpvdXJuYWwvZXVyb3BlLXdlc3QxL29uSW5jaWRlbnRDcmVhdGVkL3hlelk4VTlsR2JJ","metadata":{"@type":"type.googleapis.com/google.cloud.functions.v1.OperationMetadataV1","target":"projects/ecogrowth-journal/locations/europe-west1/functions/onIncidentCreated","type":"UPDATE_FUNCTION","request":{"@type":"type.googleapis.com/google.cloud.functions.v1.CloudFunction","name":"projects/ecogrowth-journal/locations/europe-west1/functions/onIncidentCreated","eventTrigger":{"eventType":"providers/google.firebase.database/eventTypes/ref.create","resource":"projects/_/instances/ecogrowth-journal-default-rtdb/refs/incidents/{incidentId}","service":"firebaseio.com"},"status":"ACTIVE","entryPoint":"onIncidentCreated","updateTime":"2026-09-21T12:54:35.581Z","versionId":"4","labels":{"deployment-tool":"cli-firebase","firebase-functions-hash":"d4b5566d5ad6abba3e89ab70c6d271ba4a23292d"},"sourceUploadUrl":"https://storage.googleapis.com/uploads-36139802032.europe-west1.cloudfunctions.appspot.com/f4133425-ca61-453f-84b6-1ccc81d0a40a.zip?GoogleAccessId=service-653160982011@gcf-admin-robot.iam.gserviceaccount.com&Expires=1789997202&Signature=D4Rq9ieY8Ohlv7uAL8evmuH2%2BVi4lnK%2FBE%2Fpu36gdaK0dblJjQalUDl5UPPhk5YLV5rqyhZisNclADKOBTpB9USziBuJ9Cr1oxXdCQ7RA1AJJjUOXqUA9gckKe3gdW6mBPdqhHOKQomq2IkYTwafvQWbU02aHtWI0QIimnLMA9PeaNImTRUYjCZx86FeY2A7Np3a7KNWB7V1xsN4m29WMGCmznxp9x%2Fhgkk%2FpWW34dnhVSMmGTq6yxy215MhCi%2F5iptaK9f7T56Y6%2BSRovhD31fjkOqQeq8txshYonhGp1NAJh7ts5L0Z9ZK5Jvf1yNdOYRNNHiNK%2FL8rbr9eSaIWA%3D%3D","environmentVariables":{"FIREBASE_CONFIG":"{\"projectId\":\"ecogrowth-journal\",\"databaseURL\":\"https://ecogrowth-journal-default-rtdb.europe-west1.firebasedatabase.app\",\"storageBucket\":\"ecogrowth-journal.firebasestorage.app\"}","GCLOUD_PROJECT":"ecogrowth-journal","EVENTARC_CLOUD_EVENT_SOURCE":"projects/ecogrowth-journal/locations/europe-west1/functions/onIncidentCreated"},"runtime":"nodejs20","buildId":"66c843d2-08c7-4a06-bc68-5e2b12334efa","buildEnvironmentVariables":{"GOOGLE_NODE_RUN_SCRIPTS":""},"buildName":"projects/653160982011/locations/europe-west1/builds/66c843d2-08c7-4a06-bc68-5e2b12334efa","dockerRegistry":"ARTIFACT_REGISTRY","automaticUpdatePolicy":{},"buildServiceAccount":"projects/ecogrowth-journal/serviceAccounts/653160982011-compute@developer.gserviceaccount.com"},"versionId":"5","updateTime":"2026-09-21T12:57:33Z","buildId":"75b0ac1f-62cb-4194-9834-1727de47bbfe","sourceToken":"fac3361a-6a79-45fd-a317-53e921a8bfe1","buildName":"projects/653160982011/locations/europe-west1/builds/75b0ac1f-62cb-4194-9834-1727de47bbfe"},"done":true,"response":{"@type":"type.googleapis.com/google.cloud.functions.v1.CloudFunction","name":"projects/ecogrowth-journal/locations/europe-west1/functions/onIncidentCreated","eventTrigger":{"eventType":"providers/google.firebase.database/eventTypes/ref.create","resource":"projects/_/instances/ecogrowth-journal-default-rtdb/refs/incidents/{incidentId}","service":"firebaseio.com","failurePolicy":{}},"status":"ACTIVE","entryPoint":"onIncidentCreated","timeout":"60s","availableMemoryMb":256,"serviceAccountEmail":"ecogrowth-journal@appspot.gserviceaccount.com","updateTime":"2026-09-21T12:57:32.911Z","versionId":"5","labels":{"deployment-tool":"cli-firebase","firebase-functions-hash":"d4b5566d5ad6abba3e89ab70c6d271ba4a23292d"},"sourceUploadUrl":"https://storage.googleapis.com/uploads-36139802032.europe-west1.cloudfunctions.appspot.com/f4133425-ca61-453f-84b6-1ccc81d0a40a.zip","environmentVariables":{"FIREBASE_CONFIG":"{\"projectId\":\"ecogrowth-journal\",\"databaseURL\":\"https://ecogrowth-journal-default-rtdb.europe-west1.firebasedatabase.app\",\"storageBucket\":\"ecogrowth-journal.firebasestorage.app\"}","GCLOUD_PROJECT":"ecogrowth-journal","EVENTARC_CLOUD_EVENT_SOURCE":"projects/ecogrowth-journal/locations/europe-west1/functions/onIncidentCreated"},"runtime":"nodejs20","maxInstances":3000,"ingressSettings":"ALLOW_ALL","buildId":"75b0ac1f-62cb-4194-9834-1727de47bbfe","buildEnvironmentVariables":{"GOOGLE_NODE_RUN_SCRIPTS":""},"buildName":"projects/653160982011/locations/europe-west1/builds/75b0ac1f-62cb-4194-9834-1727de47bbfe","dockerRegistry":"ARTIFACT_REGISTRY","automaticUpdatePolicy":{},"buildServiceAccount":"projects/ecogrowth-journal/serviceAccounts/653160982011-compute@developer.gserviceaccount.com"}}
[debug] [2026-09-21T12:57:42.922Z] Got source token fac3361a-6a79-45fd-a317-53e921a8bfe1 for region europe-west1
[info] ✔  functions[onIncidentCreated(europe-west1)] Successful update operation. 
[debug] [2026-09-21T12:57:50.792Z] [update-default-europe-west1-onMediaUploaded] Retrying task index 0
[debug] [2026-09-21T12:57:50.793Z] Checked if tokens are valid: true, expires at: 1789998674043
[debug] [2026-09-21T12:57:50.793Z] Checked if tokens are valid: true, expires at: 1789998674043
[debug] [2026-09-21T12:57:50.794Z] >>> [apiv2][query] GET https://cloudfunctions.googleapis.com/v1/operations/ZWNvZ3Jvd3RoLWpvdXJuYWwvZXVyb3BlLXdlc3QxL29uTWVkaWFVcGxvYWRlZC8zTVdQUGNsQXFOdw [none]
[debug] [2026-09-21T12:57:51.323Z] <<< [apiv2][status] GET https://cloudfunctions.googleapis.com/v1/operations/ZWNvZ3Jvd3RoLWpvdXJuYWwvZXVyb3BlLXdlc3QxL29uTWVkaWFVcGxvYWRlZC8zTVdQUGNsQXFOdw 200
[debug] [2026-09-21T12:57:51.324Z] <<< [apiv2][body] GET https://cloudfunctions.googleapis.com/v1/operations/ZWNvZ3Jvd3RoLWpvdXJuYWwvZXVyb3BlLXdlc3QxL29uTWVkaWFVcGxvYWRlZC8zTVdQUGNsQXFOdw {"name":"operations/ZWNvZ3Jvd3RoLWpvdXJuYWwvZXVyb3BlLXdlc3QxL29uTWVkaWFVcGxvYWRlZC8zTVdQUGNsQXFOdw","metadata":{"@type":"type.googleapis.com/google.cloud.functions.v1.OperationMetadataV1","target":"projects/ecogrowth-journal/locations/europe-west1/functions/onMediaUploaded","type":"UPDATE_FUNCTION","request":{"@type":"type.googleapis.com/google.cloud.functions.v1.CloudFunction","name":"projects/ecogrowth-journal/locations/europe-west1/functions/onMediaUploaded","eventTrigger":{"eventType":"google.storage.object.finalize","resource":"projects/_/buckets/antijj-dev.appspot.com","service":"storage.googleapis.com"},"status":"UNKNOWN","entryPoint":"onMediaUploaded","updateTime":"2026-09-21T12:52:44.613Z","versionId":"3","labels":{"deployment-tool":"cli-firebase","firebase-functions-hash":"d4b5566d5ad6abba3e89ab70c6d271ba4a23292d"},"sourceUploadUrl":"https://storage.googleapis.com/uploads-36139802032.europe-west1.cloudfunctions.appspot.com/f4133425-ca61-453f-84b6-1ccc81d0a40a.zip?GoogleAccessId=service-653160982011@gcf-admin-robot.iam.gserviceaccount.com&Expires=1789997202&Signature=D4Rq9ieY8Ohlv7uAL8evmuH2%2BVi4lnK%2FBE%2Fpu36gdaK0dblJjQalUDl5UPPhk5YLV5rqyhZisNclADKOBTpB9USziBuJ9Cr1oxXdCQ7RA1AJJjUOXqUA9gckKe3gdW6mBPdqhHOKQomq2IkYTwafvQWbU02aHtWI0QIimnLMA9PeaNImTRUYjCZx86FeY2A7Np3a7KNWB7V1xsN4m29WMGCmznxp9x%2Fhgkk%2FpWW34dnhVSMmGTq6yxy215MhCi%2F5iptaK9f7T56Y6%2BSRovhD31fjkOqQeq8txshYonhGp1NAJh7ts5L0Z9ZK5Jvf1yNdOYRNNHiNK%2FL8rbr9eSaIWA%3D%3D","environmentVariables":{"FIREBASE_CONFIG":"{\"projectId\":\"ecogrowth-journal\",\"databaseURL\":\"https://ecogrowth-journal-default-rtdb.europe-west1.firebasedatabase.app\",\"storageBucket\":\"ecogrowth-journal.firebasestorage.app\"}","GCLOUD_PROJECT":"ecogrowth-journal","EVENTARC_CLOUD_EVENT_SOURCE":"projects/ecogrowth-journal/locations/europe-west1/functions/onMediaUploaded"},"runtime":"nodejs20","buildId":"1528a498-a0f6-4894-9f08-ab4ef2ff26e2","buildEnvironmentVariables":{"GOOGLE_NODE_RUN_SCRIPTS":""},"sourceToken":"fac3361a-6a79-45fd-a317-53e921a8bfe1","buildName":"projects/653160982011/locations/europe-west1/builds/1528a498-a0f6-4894-9f08-ab4ef2ff26e2","dockerRegistry":"ARTIFACT_REGISTRY","automaticUpdatePolicy":{},"buildServiceAccount":"projects/ecogrowth-journal/serviceAccounts/653160982011-compute@developer.gserviceaccount.com"},"versionId":"4","updateTime":"2026-09-21T12:57:43Z","buildId":"75b0ac1f-62cb-4194-9834-1727de47bbfe","sourceToken":"fac3361a-6a79-45fd-a317-53e921a8bfe1","buildName":"projects/653160982011/locations/europe-west1/builds/75b0ac1f-62cb-4194-9834-1727de47bbfe"},"done":true,"error":{"code":3,"message":"Cloud Storage trigger bucket antijj-dev.appspot.com not found"}}
[debug] [2026-09-21T12:57:51.324Z] Got source token fac3361a-6a79-45fd-a317-53e921a8bfe1 for region europe-west1
[error] Cloud Storage trigger bucket antijj-dev.appspot.com not found
[warn] ⚠  functions: Deploys failed. Skipping deletes. 
[debug] [2026-09-21T12:57:51.331Z] Total Function Deployment time: 68390
[debug] [2026-09-21T12:57:51.331Z] 2 Functions Deployed
[debug] [2026-09-21T12:57:51.331Z] 1 Functions Errored
[debug] [2026-09-21T12:57:51.331Z] 0 Function Deployments Aborted
[debug] [2026-09-21T12:57:51.331Z] Average Function Deployment time: 64185.5
[info] 
[info] Functions deploy had errors with the following functions:
	onMediaUploaded(europe-west1)
[debug] [2026-09-21T12:57:51.853Z] Checked if tokens are valid: true, expires at: 1789998674043
[debug] [2026-09-21T12:57:51.853Z] Checked if tokens are valid: true, expires at: 1789998674043
[debug] [2026-09-21T12:57:51.854Z] >>> [apiv2][query] GET https://artifactregistry.googleapis.com/v1/projects/ecogrowth-journal/locations/europe-west1/repositories/gcf-artifacts [none]
[debug] [2026-09-21T12:57:52.709Z] <<< [apiv2][status] GET https://artifactregistry.googleapis.com/v1/projects/ecogrowth-journal/locations/europe-west1/repositories/gcf-artifacts 200
[debug] [2026-09-21T12:57:52.710Z] <<< [apiv2][body] GET https://artifactregistry.googleapis.com/v1/projects/ecogrowth-journal/locations/europe-west1/repositories/gcf-artifacts {"name":"projects/ecogrowth-journal/locations/europe-west1/repositories/gcf-artifacts","format":"DOCKER","description":"This repository is created and used by Cloud Functions for storing function docker images.","labels":{"goog-managed-by":"cloudfunctions"},"createTime":"2026-09-21T12:16:25.427877Z","updateTime":"2026-09-21T12:57:33.103380Z","mode":"STANDARD_REPOSITORY","cleanupPolicies":{"firebase-functions-cleanup":{"id":"firebase-functions-cleanup","action":"DELETE","condition":{"tagState":"ANY","olderThan":"86400s"}}},"sizeBytes":"544178239","vulnerabilityScanningConfig":{"lastEnableTime":"2026-09-21T12:16:13.305416012Z","enablementState":"SCANNING_DISABLED","enablementStateReason":"API containerscanning.googleapis.com is not enabled."},"satisfiesPzi":true,"registryUri":"europe-west1-docker.pkg.dev/ecogrowth-journal/gcf-artifacts"}
[debug] [2026-09-21T12:57:52.711Z] Functions deploy failed.
[debug] [2026-09-21T12:57:52.711Z] {
  "endpoint": {
    "id": "onMediaUploaded",
    "project": "ecogrowth-journal",
    "region": "europe-west1",
    "entryPoint": "onMediaUploaded",
    "platform": "gcfv1",
    "runtime": "nodejs20",
    "eventTrigger": {
      "eventType": "google.storage.object.finalize",
      "retry": false,
      "eventFilters": {
        "resource": "projects/_/buckets/antijj-dev.appspot.com"
      }
    },
    "labels": {
      "deployment-tool": "cli-firebase"
    },
    "serviceAccount": null,
    "ingressSettings": null,
    "availableMemoryMb": null,
    "timeoutSeconds": null,
    "maxInstances": null,
    "minInstances": null,
    "vpc": null,
    "environmentVariables": {
      "FIREBASE_CONFIG": "{\"projectId\":\"ecogrowth-journal\",\"databaseURL\":\"https://ecogrowth-journal-default-rtdb.europe-west1.firebasedatabase.app\",\"storageBucket\":\"ecogrowth-journal.firebasestorage.app\"}",
      "GCLOUD_PROJECT": "ecogrowth-journal",
      "EVENTARC_CLOUD_EVENT_SOURCE": "projects/ecogrowth-journal/locations/europe-west1/functions/onMediaUploaded"
    },
    "codebase": "default",
    "securityLevel": "SECURE_ALWAYS",
    "targetedByOnly": false,
    "hash": "d4b5566d5ad6abba3e89ab70c6d271ba4a23292d"
  },
  "op": "update",
  "original": {
    "name": "FirebaseError",
    "children": [],
    "exit": 1,
    "message": "Cloud Storage trigger bucket antijj-dev.appspot.com not found",
    "original": {
      "code": 3,
      "message": "Cloud Storage trigger bucket antijj-dev.appspot.com not found"
    },
    "status": 3,
    "code": 3
  }
}
[debug] [2026-09-21T12:57:52.954Z] Error: Failed to update function onMediaUploaded in region europe-west1
    at /opt/homebrew/Cellar/node/25.6.0/lib/node_modules/firebase-tools/lib/deploy/functions/release/fabricator.js:56:11
    at process.processTicksAndRejections (node:internal/process/task_queues:104:5)
    at async Fabricator.updateV1Function (/opt/homebrew/Cellar/node/25.6.0/lib/node_modules/firebase-tools/lib/deploy/functions/release/fabricator.js:502:32)
    at async Fabricator.updateEndpoint (/opt/homebrew/Cellar/node/25.6.0/lib/node_modules/firebase-tools/lib/deploy/functions/release/fabricator.js:275:13)
    at async Fabricator.wrapOperation (/opt/homebrew/Cellar/node/25.6.0/lib/node_modules/firebase-tools/lib/deploy/functions/release/fabricator.js:242:13)
    at async Promise.all (index 1)
    at async Promise.allSettled (index 0)
    at async Fabricator.applyPlan (/opt/homebrew/Cellar/node/25.6.0/lib/node_modules/firebase-tools/lib/deploy/functions/release/fabricator.js:159:45)
    at async release (/opt/homebrew/Cellar/node/25.6.0/lib/node_modules/firebase-tools/lib/deploy/functions/release/index.js:89:21)
    at async chain (/opt/homebrew/Cellar/node/25.6.0/lib/node_modules/firebase-tools/lib/deploy/index.js:114:9)
[error] 
[error] Error: There was an error deploying functions
